index,statefip,axis_x,axis_y,state_abv,state,bpld_1,bpld_2,bpld_3,bpld_4,bpld_5,bpld_pop1,bpld_pop2,bpld_pop3,bpld_pop4,bpld_pop5,bpld_share1,bpld_share2,bpld_share3,bpld_share4,bpld_share5,recent_bpld1,recent_bpld2,recent_bpld3,recent_bpld4,recent_bpld5,recent_bpld_pop1,recent_bpld_pop2,recent_bpld_pop3,recent_bpld_pop4,recent_bpld_pop5,recent_bpld_share1,recent_bpld_share2,recent_bpld_share3,recent_bpld_share4,recent_bpld_share5,language_1,language_2,language_3,language_4,language_5,updateLang,lanPop_1,lanPop_2,lanPop_3,lanPop_4,lanPop_5,lanShare_1,lanShare_2,lanShare_3,lanShare_4,lanShare_5,profEng_pop,profEng_share,engInd,stateHSocc_FB1,stateHSocc_FB2,stateHSocc_FB3,stateHSocc_FB4,stateHSocc_FB5,stateHSocc_FBpop1,stateHSocc_FBpop2,stateHSocc_FBpop3,stateHSocc_FBpop4,stateHSocc_FBpop5,stateHSocc_FBshare1,stateHSocc_FBshare2,stateHSocc_FBshare3,stateHSocc_FBshare4,stateHSocc_FBshare5,stateHSocc_NB1,stateHSocc_NB2,stateHSocc_NB3,stateHSocc_NB4,stateHSocc_NB5,stateHSocc_NBpop1,stateHSocc_NBpop2,stateHSocc_NBpop3,stateHSocc_NBpop4,stateHSocc_NBpop5,stateHSocc_NBshare1,stateHSocc_NBshare2,stateHSocc_NBshare3,stateHSocc_NBshare4,stateHSocc_NBshare5,stateLSocc_FB1,stateLSocc_FB2,stateLSocc_FB3,stateLSocc_FB4,stateLSocc_FB5,stateLSocc_FBpop1,stateLSocc_FBpop2,stateLSocc_FBpop3,stateLSocc_FBpop4,stateLSocc_FBpop5,stateLSocc_FBshare1,stateLSocc_FBshare2,stateLSocc_FBshare3,stateLSocc_FBshare4,stateLSocc_FBshare5,stateLSocc_NB1,stateLSocc_NB2,stateLSocc_NB3,stateLSocc_NB4,stateLSocc_NB5,stateLSocc_NBpop1,stateLSocc_NBpop2,stateLSocc_NBpop3,stateLSocc_NBpop4,stateLSocc_NBpop5,stateLSocc_NBshare1,stateLSocc_NBshare2,stateLSocc_NBshare3,stateLSocc_NBshare4,stateLSocc_NBshare5
0,Alabama,460,468,AL,Alabama,Mexico,Guatemala,India,Korea,China,42065.0,21465.0,11266.0,11049.0,8063.0,0.243457079,0.124231689,0.065203555,0.063947633,0.046665739,Guatemala,Mexico,China,India,Korea,9829.0,6076.0,3671.0,3211.0,2542.0,0.244150236,0.15092653,0.091186844,0.079760544,0.063142732,Spanish,English,Korean,Hindi and related,Chinese,Korean,73182.0,35572.0,9545.0,9500.0,7820.0,42.9%,20.9%,5.6%,5.6%,4.6%,127456,0.7471306320000000,0,Education Occupations,Healthcare Occupations,Management Occupations,Sales-Related Occupations,,6751.0,6391.0,5806.0,2953.0,,0.178739741,0.169208363,0.153719887,0.07818374,,Management Occupations,Education Occupations,Healthcare Occupations,Sales-Related Occupations,Office Administrative Occupations,96853,92373,79141,46217,41632,0.160081521,0.152676836,0.130806595,0.076388828,0.068810605,Production Occupations,Construction and Extraction Occupations,Food Service Occupations,Grounds Maintenance Occupations,Sales-Related Occupations,12564.0,9492.0,6475.0,5922.0,5457.0,0.194107562,0.146646678,0.100035533,0.09149196,0.084307939,Office Administrative Occupations,Transportation and Material Moving Occupations,Sales-Related Occupations,Production Occupations,Healthcare Occupations,173907,172990,172300,165049,124452,0.118909471,0.118282467,0.117810674,0.112852782,0.085094452
1,Alaska,160,521,AK,Alaska,Philippines,Canada,Mexico,,,17039.0,3462.0,2782.0,,,0.294639468,0.059865121,0.048106518,,,,,,,,,,,,,,,,,,"Filipino, Tagalog",English,Spanish,,,Filipino,15402.0,13840.0,7281.0,,,26.7%,24.0%,12.6%,,,52418,0.907293916,1,,,,,,,,,,,,,,,,Management Occupations,Education Occupations,Healthcare Occupations,Office Administrative Occupations,Science Occupations,14268,12594,12042,7473,6073,0.139927626,0.123510547,0.11809703,0.073288418,0.059558485,Transportation and Material Moving Occupations,Grounds Maintenance Occupations,Production Occupations,,,4003.0,2881.0,2691.0,,,0.142237857,0.102370039,0.095618807,,,Office Administrative Occupations,Transportation and Material Moving Occupations,Sales-Related Occupations,Construction and Extraction Occupations,Management Occupations,26028,25061,20054,19133,15214,0.122876175,0.11831104,0.09467338,0.090325415,0.071824118
2,Arizona,160,415,AZ,Arizona,Mexico,India,Canada,Philippines,China,518257.0,51071.0,40676.0,33290.0,21269.0,0.533125877,0.052536234,0.041843001,0.034245096,0.021879211,Mexico,India,Canada,China,Philippines,44933.0,22134.0,10578.0,7777.0,4527.0,0.316364974,0.15584141,0.074477747,0.054756422,0.031873774,Spanish,English,Hindi and related,"Filipino, Tagalog",Chinese,Hindi,539861.0,167539.0,34484.0,25778.0,25702.0,55.8%,17.3%,3.6%,2.7%,2.7%,718445,0.7432010170000000,0,Management Occupations,Healthcare Occupations,Computer Occupations,Education Occupations,Engineering Occupations,19550.0,18933.0,18670.0,16828.0,11531.0,0.13102603,0.126890823,0.12512818,0.11278291,0.0772819,Management Occupations,Education Occupations,Healthcare Occupations,Sales-Related Occupations,Office Administrative Occupations,145329,117420,110005,77316,60273,0.165007085,0.13331911,0.124900088,0.087784871,0.068434186,Grounds Maintenance Occupations,Construction and Extraction Occupations,Transportation and Material Moving Occupations,Office Administrative Occupations,Food Service Occupations,61214.0,57416.0,41803.0,39034.0,32774.0,0.147739649,0.138573185,0.100891307,0.094208337,0.079099864,Office Administrative Occupations,Sales-Related Occupations,Transportation and Material Moving Occupations,Management Occupations,Healthcare Occupations,305120,223089,179245,152125,143246,0.162271544,0.118645117,0.095327623,0.080904424,0.076182321
3,Arkansas,340,415,AR,Arkansas,Mexico,El Salvador,India,Philippines,China,63715.0,16368.0,11149.0,4956.0,4622.0,0.412005484,0.105841726,0.072093688,0.032047387,0.029887615,India,Mexico,,,,4306.0,2898.0,,,,0.164974526,0.111030228,,,,Spanish,English,Hindi and related,Dravidian,"Micronesian, Polynesian",Hindi,79257.0,30965.0,4518.0,4444.0,4187.0,51.9%,20.3%,3.0%,2.9%,2.7%,112166,0.734897912,0,Healthcare Occupations,Education Occupations,,,,3996.0,2772.0,,,,0.187517598,0.130079776,,,,Education Occupations,Management Occupations,Healthcare Occupations,Sales-Related Occupations,Office Administrative Occupations,58546,52748,42201,29112,25361,0.176608279,0.15911819,0.127302393,0.087818474,0.076503307,Production Occupations,Construction and Extraction Occupations,Transportation and Material Moving Occupations,Food Service Occupations,Grounds Maintenance Occupations,19779.0,10285.0,9229.0,7628.0,6457.0,0.250770211,0.13039951,0.117010891,0.096712433,0.081865788,Transportation and Material Moving Occupations,Office Administrative Occupations,Sales-Related Occupations,Production Occupations,Healthcare Occupations,107815,106304,95492,85993,84419,0.119387068,0.117713891,0.105741411,0.095222853,0.093479916
4,California,100,362,CA,California,Mexico,Philippines,China,Vietnam,India,3940728.0,859394.0,690995.0,538969.0,513180.0,0.373336732,0.081417277,0.065463491,0.051060852,0.048617654,Mexico,China,India,Philippines,El Salvador,211154.0,160236.0,138286.0,90339.0,55918.0,0.169447809,0.128586903,0.110972367,0.072495647,0.044873327,Spanish,English,Chinese,"Filipino, Tagalog",Hindi and related,Chinese,4905704.0,1161830.0,999356.0,737573.0,440646.0,46.7%,11.1%,9.5%,7.0%,4.2%,7353947,0.6999105810000000,0,Management Occupations,Healthcare Occupations,Computer Occupations,Engineering Occupations,Education Occupations,338324.0,285467.0,264522.0,156623.0,156188.0,0.157347187,0.132764548,0.123023473,0.07284198,0.072639666,Management Occupations,Education Occupations,Healthcare Occupations,Sales-Related Occupations,Office Administrative Occupations,879312,633056,476559,397122,355695,0.176470771,0.127049193,0.095641516,0.079699151,0.071385093,Transportation and Material Moving Occupations,Grounds Maintenance Occupations,Construction and Extraction Occupations,Production Occupations,Food Service Occupations,489051.0,439721.0,419567.0,409539.0,372551.0,0.116813213,0.105030395,0.100216478,0.097821221,0.088986382,Office Administrative Occupations,Sales-Related Occupations,Transportation and Material Moving Occupations,Management Occupations,Healthcare Occupations,1129657,1003110,775114,653105,626799,0.142522633,0.126556888,0.09779188,0.082398675,0.079079792
5,Colorado,220,362,CO,Colorado,Mexico,India,Korea,China,El Salvador,204332.0,21477.0,19269.0,17592.0,17202.0,0.380270004,0.039969552,0.035860378,0.032739412,0.032013606,Mexico,India,China,Korea,Canada,20480.0,7190.0,4814.0,2679.0,2567.0,0.234528884,0.082337044,0.05512803,0.030678852,0.029396271,Spanish,English,Chinese,Dravidian,Korean,Chinese,243350.0,104088.0,18733.0,14535.0,14377.0,45.6%,19.5%,3.5%,2.7%,2.7%,413316,0.774366856,1,Management Occupations,Computer Occupations,Education Occupations,Healthcare Occupations,Engineering Occupations,20322.0,16678.0,11669.0,11546.0,7201.0,0.166195065,0.136394113,0.095430084,0.094424181,0.058890399,Management Occupations,Healthcare Occupations,Education Occupations,Sales-Related Occupations,Office Administrative Occupations,223029,135112,124833,105768,80623,0.183995768,0.111465491,0.102985457,0.087257102,0.066512838,Construction and Extraction Occupations,Grounds Maintenance Occupations,Food Service Occupations,Production Occupations,Transportation and Material Moving Occupations,37231.0,27874.0,25002.0,22713.0,19679.0,0.159749255,0.119600616,0.107277557,0.097456008,0.084437847,Office Administrative Occupations,Sales-Related Occupations,Management Occupations,Transportation and Material Moving Occupations,Food Service Occupations,193156,171787,147016,135793,134367,0.12802352,0.113860175,0.097441994,0.090003408,0.089058258
6,Connecticut,640,309,CT,Connecticut,India,Jamaica,Ecuador,Dominican Republic,Brazil,43379.0,35823.0,27747.0,27130.0,24464.0,0.082976431,0.068523124,0.053075153,0.05189494,0.04679535,India,Brazil,Dominican Republic,China,Jamaica,14092.0,10996.0,5769.0,5319.0,4561.0,0.146043196,0.113957636,0.05978734,0.055123743,0.047268167,Spanish,English,Hindi and related,Portuguese,French,Hindi,147389.0,134383.0,30330.0,29819.0,22640.0,28.4%,25.9%,5.8%,5.8%,4.4%,423115,0.815997303,1,Management Occupations,Healthcare Occupations,Computer Occupations,Education Occupations,Sales-Related Occupations,19429.0,18740.0,13927.0,11579.0,8817.0,0.147410512,0.142182976,0.105666071,0.087851472,0.066895798,Management Occupations,Education Occupations,Healthcare Occupations,Sales-Related Occupations,Office Administrative Occupations,118435,98307,70585,52996,40439,0.183566645,0.152369544,0.109402224,0.082140401,0.062677853,Construction and Extraction Occupations,Grounds Maintenance Occupations,Healthcare Occupations,Food Service Occupations,Sales-Related Occupations,25911.0,24629.0,20148.0,19956.0,16346.0,0.134303287,0.127658367,0.104432203,0.103437014,0.084725469,Office Administrative Occupations,Sales-Related Occupations,Healthcare Occupations,Transportation and Material Moving Occupations,Management Occupations,116720,104724,79693,78745,70150,0.134681061,0.120839104,0.091956288,0.090862408,0.080944799
7,Delaware,640,362,DE,Delaware,Mexico,India,Haiti,China,Guatemala,19737.0,11818.0,6418.0,4934.0,3435.0,0.200703695,0.120176129,0.065264039,0.050173379,0.034930192,India,,,,,3199.0,,,,,0.168421611,,,,,Spanish,English,Hindi and related,French,Chinese,Hindi,29305.0,20623.0,10546.0,9669.0,6403.0,30.2%,21.3%,10.9%,10.0%,6.6%,79607,0.82042855,1,Computer Occupations,Healthcare Occupations,Management Occupations,,,4811.0,3298.0,2568.0,,,0.183171526,0.125566348,0.097772703,,,Management Occupations,Healthcare Occupations,Education Occupations,Office Administrative Occupations,Sales-Related Occupations,25975,20431,17707,12799,10748,0.180348128,0.141855344,0.122942224,0.08886528,0.074624896,Grounds Maintenance Occupations,Transportation and Material Moving Occupations,Sales-Related Occupations,Construction and Extraction Occupations,Food Service Occupations,5060.0,4670.0,3491.0,3405.0,2403.0,0.138618737,0.127934694,0.095635973,0.093280002,0.065830208,Office Administrative Occupations,Transportation and Material Moving Occupations,Sales-Related Occupations,Management Occupations,Healthcare Occupations,37808,27486,25789,21853,21763,0.142488346,0.103587456,0.097191915,0.082358174,0.082018986
8,District of Columbia,640,415,DC,District of Columbia,El Salvador,Dominican Republic,Ethiopia,China,Colombia,9859.0,5523.0,4283.0,3909.0,3618.0,0.115155056,0.064509727,0.050026279,0.045657888,0.042258952,,,,,,,,,,,,,,,,Spanish,English,"Amharic, Ethiopian, etc.",French,Chinese,Amharic & Ethiopian,31703.0,23398.0,4210.0,3950.0,3650.0,37.4%,27.6%,5.0%,4.7%,4.3%,71164,0.839613974,1,Management Occupations,Business Operations Specialists,Science Occupations,Education Occupations,Legal Occupations,8285.0,3632.0,3426.0,2719.0,2177.0,0.247779399,0.108622186,0.102461345,0.081317104,0.065107517,Management Occupations,Business Operations Specialists,Legal Occupations,Education Occupations,Computer Occupations,47334,37611,25458,16055,13482,0.203071773,0.161358267,0.109219618,0.068878971,0.057840317,Food Service Occupations,Grounds Maintenance Occupations,,,,4204.0,3022.0,,,,0.174490511,0.125430629,,,,Office Administrative Occupations,Food Service Occupations,Sales-Related Occupations,Management Occupations,Transportation and Material Moving Occupations,15292,10694,8855,7894,7570,0.157696635,0.110280395,0.091315962,0.081405781,0.078064576
9,Florida,520,521,FL,Florida,Cuba,Haiti,Colombia,Mexico,Venezuela,1040032.0,356045.0,294743.0,265138.0,233635.0,0.229927093,0.078713343,0.065160885,0.058615901,0.051651314,Cuba,Venezuela,Colombia,Haiti,Brazil,171026.0,117170.0,53600.0,45308.0,39745.0,0.203876153,0.139675662,0.063895322,0.054010622,0.047379099,Spanish,English,French,Portuguese,Hindi and related,French,2523162.0,845557.0,386910.0,97715.0,82576.0,56.1%,18.8%,8.6%,2.2%,1.8%,3326858,0.739973485,0,Management Occupations,Healthcare Occupations,Sales-Related Occupations,Education Occupations,Office Administrative Occupations,133229.0,128387.0,83742.0,64933.0,64056.0,0.154845774,0.149218157,0.097329378,0.075468563,0.074449264,Management Occupations,Education Occupations,Healthcare Occupations,Sales-Related Occupations,Office Administrative Occupations,403588,300244,290777,228481,182067,0.170296907,0.126690149,0.122695483,0.096409231,0.076824501,Grounds Maintenance Occupations,Construction and Extraction Occupations,Transportation and Material Moving Occupations,Sales-Related Occupations,Office Administrative Occupations,205149.0,203708.0,194744.0,191341.0,181880.0,0.111763529,0.110978484,0.106094971,0.104241043,0.099086769,Office Administrative Occupations,Sales-Related Occupations,Transportation and Material Moving Occupations,Food Service Occupations,Management Occupations,728690,669122,460250,442848,415174,0.146607861,0.13462314,0.092599414,0.089098237,0.083530404
10,Georgia,520,468,GA,Georgia,Mexico,India,Vietnam,Jamaica,Guatemala,232541.0,103213.0,52964.0,46711.0,40686.0,0.214609712,0.095254228,0.048879936,0.043109104,0.037548695,India,Mexico,Guatemala,China,Venezuela,31825.0,25920.0,14465.0,10891.0,10189.0,0.151700035,0.12355271,0.068950228,0.051914066,0.048567846,Spanish,English,Hindi and related,Vietnamese,Sub-Saharan Africa,Hindi,398462.0,227820.0,78043.0,48713.0,40660.0,37.0%,21.1%,7.2%,4.5%,3.8%,833339,0.772991538,1,Management Occupations,Computer Occupations,Healthcare Occupations,Education Occupations,Sales-Related Occupations,43902.0,39068.0,28431.0,25007.0,17861.0,0.168150201,0.149635375,0.108894318,0.09577997,0.068409882,Management Occupations,Education Occupations,Healthcare Occupations,Sales-Related Occupations,Office Administrative Occupations,268374,228499,154493,130606,113301,0.176302493,0.150107473,0.101490833,0.085798785,0.074430637,Construction and Extraction Occupations,Production Occupations,Transportation and Material Moving Occupations,Grounds Maintenance Occupations,Food Service Occupations,70663.0,53278.0,48670.0,39936.0,36374.0,0.163008779,0.122904226,0.112274274,0.092126265,0.083909273,Office Administrative Occupations,Transportation and Material Moving Occupations,Sales-Related Occupations,Production Occupations,Food Service Occupations,387120,348016,325981,226618,222354,0.136927426,0.123096034,0.115302078,0.080156595,0.078648381
11,Hawaii,100,521,HI,Hawaii,Philippines,Japan,China,Korea,Micronesia,125404.0,21231.0,15212.0,15061.0,11906.0,0.465410769,0.078794427,0.056456164,0.055895757,0.044186633,Philippines,Japan,Micronesia,China,,14054.0,4434.0,4108.0,1580.0,,0.3563568,0.112429634,0.104163498,0.040062882,,"Filipino, Tagalog",English,"Micronesian, Polynesian",Chinese,Japanese,Filipino,110741.0,47321.0,21236.0,20427.0,17858.0,41.4%,17.7%,7.9%,7.6%,6.7%,213953,0.799405932,1,Healthcare Occupations,Management Occupations,Education Occupations,Office Administrative Occupations,Sales-Related Occupations,8921.0,4508.0,4126.0,3899.0,2987.0,0.2103315,0.106285661,0.097279198,0.091927193,0.070424862,Management Occupations,Education Occupations,Healthcare Occupations,Office Administrative Occupations,Sales-Related Occupations,30494,24767,24134,17574,16633,0.156477392,0.127089769,0.123841584,0.090179496,0.085350834,Grounds Maintenance Occupations,Food Service Occupations,Office Administrative Occupations,Sales-Related Occupations,Healthcare Occupations,18130.0,13471.0,11934.0,10998.0,8247.0,0.163412824,0.12141943,0.107565843,0.099129304,0.074333459,Office Administrative Occupations,Sales-Related Occupations,Food Service Occupations,Transportation and Material Moving Occupations,Management Occupations,44622,42505,33690,32820,32061,0.119743995,0.11406298,0.090407759,0.088073097,0.08603631
12,Idaho,160,256,ID,Idaho,Mexico,Canada,China,Philippines,Germany,42656.0,6813.0,2667.0,1947.0,1753.0,0.457093865,0.073006861,0.028579082,0.020863695,0.018784827,,,,,,,,,,,,,,,,Spanish,English,Chinese,,,Chinese,47209.0,22959.0,4836.0,,,50.6%,24.6%,5.2%,,,74034,0.7936919930000000,1,,,,,,,,,,,,,,,,Education Occupations,Management Occupations,Healthcare Occupations,Sales-Related Occupations,Office Administrative Occupations,34893,34403,29221,17550,17376,0.155572295,0.153387606,0.130283386,0.078247607,0.077471823,Transportation and Material Moving Occupations,Agricultural Occupations,Construction and Extraction Occupations,Production Occupations,Food Service Occupations,6157.0,5746.0,5522.0,5129.0,4793.0,0.128689066,0.12009865,0.115416773,0.107202575,0.100179754,Office Administrative Occupations,Sales-Related Occupations,Transportation and Material Moving Occupations,Management Occupations,Food Service Occupations,81756,67813,56843,51229,47755,0.145201251,0.120438039,0.100954972,0.09098433,0.084814399
13,Illinois,400,256,IL,Illinois,Mexico,India,Poland,Philippines,China,599327.0,156360.0,120839.0,92625.0,84815.0,0.340229183,0.088763289,0.068598539,0.052581862,0.048148237,India,Mexico,China,Philippines,Venezuela,47274.0,31897.0,20727.0,11714.0,5744.0,0.195296273,0.131771475,0.085626468,0.048392359,0.02372936,Spanish,English,Hindi and related,Polish,Chinese,Hindi,695564.0,224311.0,128725.0,113628.0,87759.0,39.7%,12.8%,7.3%,6.5%,5.0%,1354383,0.772941113,1,Healthcare Occupations,Management Occupations,Computer Occupations,Education Occupations,Sales-Related Occupations,68034.0,57318.0,50938.0,36390.0,25051.0,0.161491245,0.136054844,0.120910734,0.086378373,0.059463166,Management Occupations,Education Occupations,Healthcare Occupations,Sales-Related Occupations,Office Administrative Occupations,377863,272658,218284,184493,155117,0.181378275,0.130878747,0.104778647,0.088558607,0.074457817,Production Occupations,Transportation and Material Moving Occupations,Food Service Occupations,Grounds Maintenance Occupations,Construction and Extraction Occupations,109656.0,105079.0,71041.0,66319.0,61382.0,0.158871308,0.152240083,0.102925301,0.096083999,0.088931195,Office Administrative Occupations,Transportation and Material Moving Occupations,Sales-Related Occupations,Healthcare Occupations,Production Occupations,437218,366132,353042,275146,240740,0.139695853,0.116983116,0.112800717,0.087912112,0.076919019
14,Indiana,400,309,IN,Indiana,Mexico,India,China,Burma (Myanmar),Philippines,96058.0,34991.0,19593.0,14241.0,12518.0,0.266771466,0.097176708,0.054413512,0.039549984,0.034764882,India,Mexico,China,Venezuela,Nigeria,13331.0,11253.0,7971.0,4813.0,4448.0,0.166894093,0.140879095,0.099790931,0.060255144,0.055685617,Spanish,English,Hindi and related,Chinese,"Burmese, Lisu, Lolo",Hindi,120840.0,79233.0,29178.0,19406.0,16643.0,34.0%,22.3%,8.2%,5.5%,4.7%,290360,0.816652536,1,Management Occupations,Education Occupations,Healthcare Occupations,Computer Occupations,Science Occupations,12153.0,12043.0,10547.0,7997.0,5712.0,0.14662838,0.145301208,0.12725167,0.096485406,0.068916425,Management Occupations,Education Occupations,Healthcare Occupations,Sales-Related Occupations,Office Administrative Occupations,144937,129050,112827,67915,66560,0.163610891,0.145676985,0.127363801,0.076665267,0.075135686,Production Occupations,Transportation and Material Moving Occupations,Food Service Occupations,Office Administrative Occupations,Construction and Extraction Occupations,28388.0,17364.0,14153.0,13248.0,12658.0,0.211121276,0.129135892,0.105255723,0.098525248,0.094137423,Production Occupations,Office Administrative Occupations,Transportation and Material Moving Occupations,Sales-Related Occupations,Healthcare Occupations,284005,274444,261042,221149,172807,0.13066712,0.126268238,0.120102137,0.10174787,0.079506323
15,Iowa,340,309,IA,Iowa,Mexico,India,China,Bosnia,Vietnam,37676.0,11569.0,10487.0,9328.0,8796.0,0.214060888,0.065730713,0.059583195,0.052998193,0.04997557,China,Mexico,,,,4398.0,2701.0,,,,0.11921607,0.073215686,,,,Spanish,English,Arabic,Chinese,"Serbo-Croatian, Yugoslavian, Slavonian",Arabic,56022.0,31668.0,12382.0,9688.0,9225.0,32.0%,18.1%,7.1%,5.5%,5.3%,134761,0.768876612,1,Computer Occupations,Healthcare Occupations,Education Occupations,,,6752.0,6425.0,5917.0,,,0.179088637,0.170415357,0.15694128,,,Education Occupations,Management Occupations,Healthcare Occupations,Office Administrative Occupations,Sales-Related Occupations,76087,75953,48267,43487,35372,0.163093776,0.162806556,0.103461139,0.093215123,0.075820483,Production Occupations,Transportation and Material Moving Occupations,Grounds Maintenance Occupations,Food Service Occupations,Healthcare Occupations,19590.0,12505.0,6368.0,5496.0,4679.0,0.25394398,0.162101552,0.082547992,0.071244314,0.06065359,Office Administrative Occupations,Transportation and Material Moving Occupations,Sales-Related Occupations,Production Occupations,Management Occupations,137453,125754,102398,99034,88754,0.132709056,0.121413819,0.098863915,0.095616013,0.085690811
16,Kansas,280,415,KS,Kansas,Mexico,India,Vietnam,Guatemala,China,79283.0,10437.0,9902.0,9753.0,8574.0,0.389817327,0.05131647,0.04868599,0.04795339,0.042156503,Mexico,India,,,,8135.0,3159.0,,,,0.185303301,0.071957357,,,,Spanish,English,Chinese,Vietnamese,Dravidian,Chinese,97242.0,27177.0,9779.0,8707.0,6714.0,48.2%,13.5%,4.8%,4.3%,3.3%,141622,0.701762557,0,Computer Occupations,Management Occupations,Education Occupations,Engineering Occupations,Healthcare Occupations,6190.0,5217.0,4066.0,2757.0,2687.0,0.174385846,0.14697431,0.114548117,0.077670723,0.075698674,Management Occupations,Education Occupations,Healthcare Occupations,Sales-Related Occupations,Office Administrative Occupations,82649,69307,58470,37877,30243,0.180761412,0.151581168,0.12787959,0.082840689,0.066144384,Production Occupations,Construction and Extraction Occupations,Transportation and Material Moving Occupations,Grounds Maintenance Occupations,Food Service Occupations,15660.0,14089.0,10245.0,9980.0,9885.0,0.163111404,0.146748185,0.10670986,0.103949673,0.102960169,Office Administrative Occupations,Transportation and Material Moving Occupations,Sales-Related Occupations,Healthcare Occupations,Production Occupations,111896,91937,90907,80717,80014,0.127980754,0.105152696,0.103974633,0.092319854,0.091515794
17,Kentucky,400,362,KY,Kentucky,Mexico,India,Cuba,China,Philippines,34591.0,18181.0,16465.0,6911.0,6579.0,0.183243185,0.096312463,0.087222084,0.036610495,0.034851752,India,Cuba,Mexico,,,8672.0,6475.0,3844.0,,,0.159408838,0.119023547,0.070660464,,,Spanish,English,Hindi and related,Arabic,Dravidian,Hindi,63739.0,35454.0,12935.0,10080.0,7808.0,34.1%,19.0%,6.9%,5.4%,4.2%,152838,0.818747222,1,Healthcare Occupations,Education Occupations,Management Occupations,Computer Occupations,Transportation and Material Moving Occupations,7869.0,5818.0,5429.0,4865.0,3576.0,0.174270272,0.128847942,0.120232977,0.107742392,0.079195641,Management Occupations,Education Occupations,Healthcare Occupations,Sales-Related Occupations,Office Administrative Occupations,92853,86124,83680,41191,37661,0.166320369,0.154267222,0.149889484,0.073782235,0.067459226,Production Occupations,Transportation and Material Moving Occupations,Construction and Extraction Occupations,Sales-Related Occupations,Grounds Maintenance Occupations,14852.0,10691.0,7760.0,6895.0,5737.0,0.198593318,0.142954558,0.103762738,0.092196397,0.076712221,Office Administrative Occupations,Transportation and Material Moving Occupations,Production Occupations,Sales-Related Occupations,Healthcare Occupations,169669,155567,145895,143366,109712,0.126786605,0.116248764,0.109021276,0.107131459,0.081983224
18,Louisiana,340,468,LA,Louisiana,Honduras,Mexico,Vietnam,Cuba,India,36641.0,26524.0,21986.0,11353.0,8644.0,0.187778339,0.135930583,0.112674177,0.058182023,0.044298898,Honduras,Mexico,India,Vietnam,,15192.0,6015.0,3369.0,3300.0,,0.279018521,0.110472374,0.061875552,0.060608286,,Spanish,English,Vietnamese,Hindi and related,Chinese,Vietnamese,91524.0,35063.0,18833.0,7633.0,6605.0,47.5%,18.2%,9.8%,4.0%,3.4%,138114,0.717128873,0,Education Occupations,Healthcare Occupations,Management Occupations,Engineering Occupations,Computer Occupations,5558.0,4409.0,4128.0,3504.0,2314.0,0.163624585,0.129798636,0.121526144,0.103155911,0.068122938,Education Occupations,Healthcare Occupations,Management Occupations,Sales-Related Occupations,Office Administrative Occupations,91485,84131,83966,46694,39766,0.165173247,0.151895836,0.151597932,0.084304526,0.071796238,Construction and Extraction Occupations,Grounds Maintenance Occupations,Food Service Occupations,Sales-Related Occupations,Personal Care Service Occupations,18716.0,9164.0,7900.0,7868.0,5507.0,0.243624955,0.119287193,0.102833785,0.102417246,0.071684264,Office Administrative Occupations,Sales-Related Occupations,Transportation and Material Moving Occupations,Healthcare Occupations,Construction and Extraction Occupations,170595,151538,141252,131956,110999,0.12231601,0.108652212,0.101277187,0.094611987,0.079585895
19,Maine,700,150,ME,Maine,Canada,China,Germany,,,9938.0,2268.0,1645.0,,,0.200698748,0.045802452,0.033220913,,,,,,,,,,,,,,,,,,English,French,Spanish,,,French,22369.0,5106.0,4026.0,,,45.6%,10.4%,8.2%,,,44435,0.9061894420000000,1,,,,,,,,,,,,,,,,Management Occupations,Education Occupations,Healthcare Occupations,Office Administrative Occupations,Sales-Related Occupations,40045,36527,30375,16063,13207,0.17579557,0.160351723,0.133344755,0.070515774,0.057978075,Healthcare Occupations,,,,,2635.0,,,,,0.17393887,,,,,Office Administrative Occupations,Sales-Related Occupations,Transportation and Material Moving Occupations,Healthcare Occupations,Construction and Extraction Occupations,55709,44433,37600,36632,33272,0.130939513,0.104436181,0.08837577,0.086100563,0.078203149
20,Maryland,580,362,MD,Maryland,El Salvador,India,Guatemala,China,Nigeria,119690.0,67289.0,43589.0,40889.0,38563.0,0.12975356,0.072946668,0.04725397,0.044326954,0.041805383,El Salvador,India,Guatemala,Nigeria,China,23071.0,13583.0,12571.0,12275.0,9265.0,0.126792297,0.074648686,0.069086991,0.067460254,0.050918065,Spanish,English,Hindi and related,Sub-Saharan Africa,Chinese,Hindi,284357.0,183776.0,58460.0,56431.0,52968.0,31.0%,20.1%,6.4%,6.2%,5.8%,740460,0.808392465,1,Healthcare Occupations,Management Occupations,Computer Occupations,Education Occupations,Science Occupations,42876.0,31909.0,30820.0,21765.0,21110.0,0.166793749,0.124130554,0.119894192,0.084668949,0.082120903,Management Occupations,Education Occupations,Healthcare Occupations,Business Operations Specialists,Computer Occupations,200105,136445,102973,90859,82098,0.180614844,0.123155311,0.092943467,0.082009368,0.074101686,Construction and Extraction Occupations,Grounds Maintenance Occupations,Food Service Occupations,Transportation and Material Moving Occupations,Sales-Related Occupations,57875.0,41482.0,35249.0,30753.0,28776.0,0.16627498,0.119177863,0.101270445,0.088353425,0.082673497,Office Administrative Occupations,Sales-Related Occupations,Transportation and Material Moving Occupations,Management Occupations,Food Service Occupations,201644,141024,140732,115558,109070,0.142090365,0.099373907,0.099168152,0.081429049,0.076857217
21,Massachusetts,640,256,MA,Massachusetts,China,Brazil,Dominican Republic,India,Haiti,109953.0,93708.0,92675.0,85426.0,59605.0,0.092311375,0.078672834,0.077805579,0.071719654,0.050041556,Brazil,China,India,Dominican Republic,Guatemala,41378.0,33053.0,28696.0,20675.0,13436.0,0.157374486,0.125711694,0.10914056,0.078633994,0.051101636,Spanish,English,Portuguese,Chinese,French,Portuguese,256505.0,215707.0,148469.0,116557.0,92362.0,21.7%,18.3%,12.6%,9.9%,7.8%,927916,0.785083413,1,Management Occupations,Computer Occupations,Healthcare Occupations,Science Occupations,Education Occupations,47302.0,40525.0,36441.0,30901.0,30758.0,0.147420257,0.126299217,0.11357113,0.096305303,0.095859632,Management Occupations,Education Occupations,Healthcare Occupations,Sales-Related Occupations,Business Operations Specialists,269814,185961,159012,106696,100591,0.185661331,0.127961367,0.10941752,0.073418431,0.069217533,Food Service Occupations,Grounds Maintenance Occupations,Transportation and Material Moving Occupations,Healthcare Occupations,Construction and Extraction Occupations,51573.0,45904.0,45847.0,45462.0,43649.0,0.116328061,0.103541069,0.103412494,0.102544092,0.098454691,Office Administrative Occupations,Sales-Related Occupations,Healthcare Occupations,Transportation and Material Moving Occupations,Food Service Occupations,218071,164452,130646,124596,119625,0.146358535,0.110372096,0.087683171,0.083622709,0.080286421
22,Michigan,460,256,MI,Michigan,Mexico,India,Iraq,China,Canada,77972.0,76976.0,50893.0,36214.0,36201.0,0.114959709,0.113491237,0.0750352,0.053392898,0.053373732,India,China,Mexico,Bangladesh,Canada,24267.0,13614.0,12430.0,6419.0,5770.0,0.162194133,0.090992332,0.083078794,0.042902879,0.038565136,English,Spanish,Arabic,Hindi and related,Chinese,Arabic,142137.0,101411.0,97964.0,78702.0,38135.0,21.1%,15.1%,14.5%,11.7%,5.7%,561407,0.8334006070000000,1,Healthcare Occupations,Management Occupations,Engineering Occupations,Computer Occupations,Education Occupations,30561.0,24186.0,22751.0,22588.0,20634.0,0.162840888,0.128872409,0.121226169,0.12035764,0.109945968,Management Occupations,Education Occupations,Healthcare Occupations,Office Administrative Occupations,Sales-Related Occupations,229289,175188,174610,109570,100262,0.166081041,0.126894027,0.126475364,0.079364903,0.072622836,Production Occupations,Transportation and Material Moving Occupations,Food Service Occupations,Sales-Related Occupations,Office Administrative Occupations,33156.0,26526.0,21382.0,20058.0,13969.0,0.155333072,0.124272078,0.10017287,0.093970045,0.06544359,Production Occupations,Office Administrative Occupations,Transportation and Material Moving Occupations,Sales-Related Occupations,Healthcare Occupations,368602,362880,309808,305794,262410,0.1236201,0.121701077,0.103902027,0.102555826,0.0880059
23,Minnesota,340,256,MN,Minnesota,Mexico,Somalia,India,Laos,Vietnam,53904.0,41508.0,33471.0,28978.0,20581.0,0.113111578,0.08709994,0.070235185,0.060807124,0.043186951,India,Somalia,China,Mexico,Korea,12422.0,9321.0,4479.0,3464.0,2184.0,0.132463187,0.099395372,0.047762245,0.036938693,0.023289293,English,Spanish,Hamitic,Tibetan,Sub-Saharan Africa,Hamitic,95983.0,83526.0,50269.0,36265.0,23724.0,20.2%,17.6%,10.6%,7.6%,5.0%,389987,0.822557807,1,Computer Occupations,Management Occupations,Healthcare Occupations,Office Administrative Occupations,Education Occupations,16737.0,15656.0,11123.0,9146.0,8946.0,0.153539196,0.143622488,0.102038383,0.083902098,0.08206737,Management Occupations,Education Occupations,Healthcare Occupations,Sales-Related Occupations,Office Administrative Occupations,170302,129868,121684,92521,74611,0.160928398,0.122719929,0.11498639,0.087428547,0.070504338,Production Occupations,Healthcare Occupations,Transportation and Material Moving Occupations,Food Service Occupations,Office Administrative Occupations,44102.0,30497.0,21929.0,18608.0,18333.0,0.214845598,0.148568004,0.106828466,0.090650015,0.089310333,Office Administrative Occupations,Sales-Related Occupations,Transportation and Material Moving Occupations,Healthcare Occupations,Production Occupations,210846,172899,160470,140789,137461,0.128983751,0.10576991,0.09816654,0.086126812,0.084090926
24,Mississippi,400,468,MS,Mississippi,Mexico,India,China,Philippines,Honduras,18505.0,5117.0,3481.0,3159.0,2622.0,0.291674554,0.080653802,0.054867286,0.049791943,0.041327786,,,,,,,,,,,,,,,,Spanish,English,Hindi and related,Vietnamese,Arabic,Hindi,25130.0,13610.0,3643.0,3086.0,2894.0,40.5%,21.9%,5.9%,5.0%,4.7%,51695,0.833333313,1,Education Occupations,,,,,2420.0,,,,,0.19858855,,,,,Education Occupations,Healthcare Occupations,Management Occupations,Office Administrative Occupations,Sales-Related Occupations,53539,47525,41766,22701,20589,0.178624094,0.158559367,0.139345407,0.075738162,0.06869182,Construction and Extraction Occupations,Production Occupations,Food Service Occupations,Sales-Related Occupations,,5093.0,3294.0,2848.0,2466.0,,0.206822336,0.133766502,0.115654819,0.100142129,,Transportation and Material Moving Occupations,Office Administrative Occupations,Production Occupations,Sales-Related Occupations,Healthcare Occupations,112446,104033,100643,97984,88869,0.121575989,0.112479903,0.108814657,0.105939761,0.096084669
25,Missouri,340,362,MO,Missouri,Mexico,China,India,Philippines,Vietnam,39782.0,24883.0,19345.0,11696.0,10064.0,0.153752208,0.096169531,0.074765883,0.045203503,0.038896039,China,India,Mexico,Philippines,,10485.0,5575.0,3149.0,2583.0,,0.174479559,0.092772871,0.052402109,0.042983375,,Spanish,English,Chinese,Hindi and related,Dravidian,Chinese,65202.0,58397.0,23209.0,10361.0,10150.0,25.4%,22.7%,9.0%,4.0%,4.0%,212197,0.825907052,1,Healthcare Occupations,Computer Occupations,Management Occupations,Education Occupations,Science Occupations,9936.0,9823.0,8649.0,8054.0,6126.0,0.140750498,0.13914977,0.122519232,0.114090629,0.08677914,Management Occupations,Education Occupations,Healthcare Occupations,Sales-Related Occupations,Office Administrative Occupations,151718,131385,113933,75955,70886,0.164437756,0.142400071,0.123484932,0.082322925,0.076828949,Transportation and Material Moving Occupations,Production Occupations,Food Service Occupations,Grounds Maintenance Occupations,Construction and Extraction Occupations,12857.0,11177.0,10971.0,8298.0,8175.0,0.143344522,0.124613963,0.12231724,0.09251558,0.091144234,Office Administrative Occupations,Transportation and Material Moving Occupations,Sales-Related Occupations,Production Occupations,Healthcare Occupations,253311,213521,198630,175446,170168,0.135175258,0.113941975,0.10599564,0.093623877,0.090807363
26,Montana,220,256,MT,Montana,Canada,,,,,4212.0,,,,,0.199668169,,,,,,,,,,,,,,,,,,,,English,,,,,N/A,12123.0,,,,,57.5%,,,,,19943,0.9453899260000000,1,,,,,,,,,,,,,,,,Management Occupations,Healthcare Occupations,Education Occupations,Sales-Related Occupations,Office Administrative Occupations,26748,26456,22013,13937,10680,0.152138054,0.150477216,0.125206187,0.079271272,0.060746014,,,,,,,,,,,,,,,,Sales-Related Occupations,Office Administrative Occupations,Food Service Occupations,Construction and Extraction Occupations,Management Occupations,45862,35562,33970,32036,29897,0.134180635,0.104045428,0.099387638,0.093729243,0.087471075
27,Nebraska,280,362,NE,Nebraska,Mexico,Guatemala,Vietnam,India,China,48045.0,8128.0,6854.0,6703.0,4756.0,0.33276999,0.056296274,0.04747228,0.046426419,0.032941077,,,,,,,,,,,,,,,,Spanish,English,Arabic,Hamitic,Sub-Saharan Africa,Arabic,69973.0,13764.0,7719.0,6665.0,6153.0,49.1%,9.7%,5.4%,4.7%,4.3%,102624,0.720062315,0,,,,,,,,,,,,,,,,Management Occupations,Education Occupations,Healthcare Occupations,Office Administrative Occupations,Sales-Related Occupations,55837,50350,44226,28196,23120,0.166844949,0.15044941,0.132150456,0.084251665,0.069084212,Production Occupations,Construction and Extraction Occupations,Transportation and Material Moving Occupations,Office Administrative Occupations,Grounds Maintenance Occupations,17175.0,13876.0,8017.0,6312.0,5669.0,0.235412642,0.190194219,0.109886646,0.086516716,0.077703305,Office Administrative Occupations,Sales-Related Occupations,Transportation and Material Moving Occupations,Management Occupations,Healthcare Occupations,76743,60691,56675,53031,48509,0.131725937,0.104173392,0.097280107,0.091025345,0.083263531
28,Nevada,160,309,NV,Nevada,Mexico,Philippines,El Salvador,Cuba,China,225772.0,101466.0,27326.0,23483.0,19551.0,0.367457867,0.165142179,0.044474754,0.038220033,0.031820461,Mexico,Philippines,Cuba,Ethiopia,El Salvador,17452.0,13967.0,9015.0,5138.0,4767.0,0.185843438,0.14873226,0.095999233,0.054713707,0.050762989,Spanish,"Filipino, Tagalog",English,Chinese,"Amharic, Ethiopian, etc.",Filipino,311118.0,84662.0,81931.0,27289.0,13099.0,51.0%,13.9%,13.4%,4.5%,2.1%,449725,0.7369254830000000,0,Healthcare Occupations,Management Occupations,Sales-Related Occupations,Office Administrative Occupations,Food Service Occupations,12599.0,11683.0,8517.0,7936.0,6293.0,0.146178752,0.135550946,0.098817714,0.092076719,0.073013961,Management Occupations,Education Occupations,Healthcare Occupations,Sales-Related Occupations,Office Administrative Occupations,46879,45025,31742,23605,20715,0.160738289,0.154381305,0.108836681,0.080936611,0.071027406,Food Service Occupations,Grounds Maintenance Occupations,Transportation and Material Moving Occupations,Construction and Extraction Occupations,Sales-Related Occupations,50220.0,43483.0,34413.0,33221.0,26236.0,0.167657077,0.14516592,0.114886157,0.11090672,0.087587632,Office Administrative Occupations,Sales-Related Occupations,Food Service Occupations,Transportation and Material Moving Occupations,Management Occupations,112174,98566,84344,83966,58350,0.139078617,0.122206777,0.104573674,0.104105011,0.072345085
29,New Hampshire,700,203,NH,New Hampshire,Canada,India,Dominican Republic,China,Brazil,7778.0,7771.0,6347.0,3874.0,3736.0,0.089345813,0.089265406,0.072907932,0.044500604,0.0429154,,,,,,,,,,,,,,,,English,Spanish,Chinese,Dravidian,French,Chinese,26458.0,13898.0,5871.0,5734.0,5334.0,30.5%,16.0%,6.8%,6.6%,6.1%,74616,0.85901773,1,Management Occupations,Healthcare Occupations,Computer Occupations,,,3965.0,3220.0,2696.0,,,0.181149483,0.147112578,0.123172514,,,Management Occupations,Education Occupations,Healthcare Occupations,Sales-Related Occupations,Office Administrative Occupations,46649,37185,32437,19349,18979,0.177034706,0.141118467,0.123099633,0.073430181,0.072026022,Production Occupations,Office Administrative Occupations,Sales-Related Occupations,,,5981.0,3642.0,2909.0,,,0.20712702,0.1261255,0.100741103,,,Sales-Related Occupations,Office Administrative Occupations,Transportation and Material Moving Occupations,Healthcare Occupations,Production Occupations,50821,48350,40878,34321,33988,0.121470623,0.115564518,0.0977052,0.082032882,0.081236959
30,New Jersey,580,309,NJ,New Jersey,India,Dominican Republic,Mexico,Colombia,Ecuador,267137.0,196191.0,108194.0,91019.0,89640.0,0.128567174,0.094422422,0.052071396,0.043805446,0.043141764,India,Dominican Republic,Colombia,China,Brazil,71196.0,34945.0,22838.0,15763.0,14264.0,0.211149439,0.103638083,0.067731768,0.046749096,0.042303439,Spanish,English,Hindi and related,Chinese,Dravidian,Hindi,764052.0,339949.0,225529.0,102112.0,66560.0,37.0%,16.5%,10.9%,4.9%,3.2%,1589014,0.770106554,1,Management Occupations,Computer Occupations,Healthcare Occupations,Education Occupations,Sales-Related Occupations,101634.0,75909.0,69680.0,43711.0,40200.0,0.176580042,0.131885141,0.121062808,0.075943977,0.069843926,Management Occupations,Education Occupations,Healthcare Occupations,Sales-Related Occupations,Office Administrative Occupations,266171,210336,142789,122382,113829,0.183618128,0.14510034,0.098503023,0.084425248,0.078524962,Transportation and Material Moving Occupations,Construction and Extraction Occupations,Production Occupations,Grounds Maintenance Occupations,Healthcare Occupations,120010.0,76601.0,75238.0,69912.0,64763.0,0.158547714,0.10119918,0.099398494,0.092362203,0.085559756,Office Administrative Occupations,Sales-Related Occupations,Transportation and Material Moving Occupations,Management Occupations,Healthcare Occupations,282852,211993,184179,142764,128438,0.162661552,0.121912196,0.105917022,0.082100227,0.073861681
31,New Mexico,220,415,NM,New Mexico,Mexico,Philippines,Vietnam,China,India,129061.0,6791.0,6226.0,4044.0,3160.0,0.653900504,0.034407284,0.031544656,0.020489333,0.016010458,Mexico,Philippines,,,,11347.0,1682.0,,,,0.394390196,0.058461644,,,,Spanish,English,"Filipino, Tagalog",Vietnamese,Chinese,Filipino,136184.0,23128.0,5943.0,4766.0,4234.0,69.3%,11.8%,3.0%,2.4%,2.2%,133443,0.679472685,0,Education Occupations,Healthcare Occupations,Management Occupations,Science Occupations,,6033.0,5100.0,3303.0,2966.0,,0.223287314,0.188756064,0.122247308,0.109774604,,Management Occupations,Healthcare Occupations,Education Occupations,Office Administrative Occupations,Engineering Occupations,39332,38528,37869,16343,16078,0.156272843,0.153078422,0.150460094,0.064933568,0.063880675,Construction and Extraction Occupations,Food Service Occupations,Transportation and Material Moving Occupations,Grounds Maintenance Occupations,Sales-Related Occupations,14468.0,10821.0,10038.0,9772.0,8371.0,0.166987911,0.124894679,0.115857385,0.112787247,0.096617073,Office Administrative Occupations,Sales-Related Occupations,Healthcare Occupations,Transportation and Material Moving Occupations,Food Service Occupations,75997,65250,55256,51407,44108,0.135055602,0.115956917,0.098196402,0.091356277,0.0783851
32,New York,580,256,NY,New York,Dominican Republic,China,Jamaica,Mexico,India,478796.0,419011.0,240058.0,207379.0,160850.0,0.109898448,0.096175946,0.055100713,0.047599878,0.036920037,China,Dominican Republic,India,Bangladesh,Jamaica,76518.0,72884.0,33764.0,22991.0,22710.0,0.123750657,0.117873475,0.054605678,0.037182771,0.036728319,Spanish,English,Chinese,Hindi and related,Russian,Chinese,1309912.0,1061460.0,468787.0,277501.0,183005.0,30.2%,24.5%,10.8%,6.4%,4.2%,3272817,0.755295157,1,Healthcare Occupations,Management Occupations,Education Occupations,Office Administrative Occupations,Sales-Related Occupations,155359.0,146231.0,90397.0,66293.0,65366.0,0.161898062,0.152385861,0.094201811,0.069083273,0.068117253,Management Occupations,Education Occupations,Healthcare Occupations,Sales-Related Occupations,Office Administrative Occupations,523005,465845,333021,259585,228037,0.164228439,0.146279663,0.104571693,0.081512108,0.071605742,Healthcare Occupations,Transportation and Material Moving Occupations,Food Service Occupations,Grounds Maintenance Occupations,Construction and Extraction Occupations,249794.0,198189.0,168359.0,152388.0,147857.0,0.149598926,0.118693247,0.100828387,0.091263525,0.088549957,Office Administrative Occupations,Sales-Related Occupations,Healthcare Occupations,Transportation and Material Moving Occupations,Management Occupations,574164,429352,352746,348506,278761,0.149519026,0.111808293,0.091859192,0.090755045,0.072592631
33,North Carolina,460,415,NC,North Carolina,Mexico,India,Honduras,El Salvador,China,220441.0,77725.0,43980.0,36084.0,30889.0,0.254768223,0.089828387,0.050828595,0.041703023,0.035699055,India,Mexico,Honduras,China,Guatemala,26631.0,24613.0,17788.0,9348.0,5290.0,0.151889861,0.140380189,0.101453818,0.053316299,0.030171504,Spanish,English,Hindi and related,Chinese,Dravidian,Hindi,384355.0,169460.0,50437.0,31401.0,30298.0,44.8%,19.8%,5.9%,3.7%,3.5%,651565,0.759632587,1,Computer Occupations,Management Occupations,Healthcare Occupations,Education Occupations,Sales-Related Occupations,29978.0,26384.0,22385.0,21800.0,11116.0,0.157729968,0.138820052,0.117779218,0.114701226,0.058487102,Management Occupations,Education Occupations,Healthcare Occupations,Sales-Related Occupations,Office Administrative Occupations,276871,213901,181885,130914,108090,0.179155946,0.138409719,0.117693,0.084711008,0.069942199,Construction and Extraction Occupations,Production Occupations,Grounds Maintenance Occupations,Transportation and Material Moving Occupations,Food Service Occupations,75073.0,47815.0,37105.0,31785.0,27500.0,0.210275561,0.133927315,0.103929169,0.089028127,0.077026069,Sales-Related Occupations,Office Administrative Occupations,Transportation and Material Moving Occupations,Production Occupations,Healthcare Occupations,349815,346858,321392,258890,251147,0.118781313,0.117777251,0.109130152,0.087907307,0.085278131
34,North Dakota,280,256,ND,North Dakota,Canada,,,,,2329.0,,,,,0.083680652,,,,,,,,,,,,,,,,,,,,English,,,,,N/A,9485.0,,,,,34.1%,,,,,25161,0.9058539870000000,1,,,,,,,,,,,,,,,,Healthcare Occupations,Management Occupations,Education Occupations,Office Administrative Occupations,Sales-Related Occupations,21281,20574,18316,9480,7938,0.17767778,0.171774939,0.152922615,0.079149723,0.066275373,,,,,,,,,,,,,,,,Office Administrative Occupations,Transportation and Material Moving Occupations,Sales-Related Occupations,Management Occupations,Construction and Extraction Occupations,32258,32036,28554,27173,24632,0.115880907,0.115083411,0.102574974,0.097613983,0.088485911
35,Ohio,460,309,OH,Ohio,India,Mexico,China,Philippines,Bhutan,65657.0,44844.0,35950.0,16210.0,13679.0,0.119476944,0.081603244,0.065418705,0.029497558,0.024891863,India,China,Mexico,Ghana,Korea,20845.0,13088.0,10453.0,3991.0,2089.0,0.161631748,0.101484112,0.08105237,0.030946141,0.016198067,English,Spanish,Dravidian,Hindi and related,Chinese,Dravidian,118351.0,86459.0,48209.0,41011.0,36893.0,21.7%,15.9%,8.8%,7.5%,6.8%,453443,0.83213377,1,Healthcare Occupations,Computer Occupations,Education Occupations,Management Occupations,Engineering Occupations,23704.0,20804.0,17863.0,17713.0,10416.0,0.157907709,0.138588935,0.118997023,0.117997773,0.069387726,Management Occupations,Healthcare Occupations,Education Occupations,Sales-Related Occupations,Office Administrative Occupations,292965,234274,233242,136249,124576,0.173351452,0.138623178,0.138012528,0.080620423,0.073713347,Transportation and Material Moving Occupations,Production Occupations,Food Service Occupations,Office Administrative Occupations,Healthcare Occupations,28843.0,27159.0,16345.0,14576.0,13996.0,0.167251363,0.157486394,0.094779447,0.084521577,0.081158347,Office Administrative Occupations,Production Occupations,Transportation and Material Moving Occupations,Sales-Related Occupations,Healthcare Occupations,476326,428096,422466,385286,323956,0.129073471,0.116004236,0.114478633,0.104403704,0.087784678
36,Oklahoma,280,468,OK,Oklahoma,Mexico,Vietnam,India,Guatemala,China,110240.0,12835.0,11399.0,9463.0,6172.0,0.462245494,0.053818222,0.047796953,0.039679144,0.025879709,Mexico,,,,,18565.0,,,,,0.392752111,,,,,Spanish,English,Vietnamese,Hindi and related,Chinese,Vietnamese,128459.0,40126.0,11725.0,9947.0,8542.0,54.1%,16.9%,4.9%,4.2%,3.6%,174651,0.7359613780000000,0,Healthcare Occupations,Education Occupations,Computer Occupations,Management Occupations,Sales-Related Occupations,6504.0,6260.0,3905.0,3871.0,3231.0,0.164616555,0.158440903,0.098835737,0.097975194,0.081776768,Management Occupations,Education Occupations,Healthcare Occupations,Office Administrative Occupations,Sales-Related Occupations,81039,77725,62092,36729,33488,0.168739855,0.161839426,0.129288301,0.076477326,0.069728896,Construction and Extraction Occupations,Grounds Maintenance Occupations,Production Occupations,Food Service Occupations,Transportation and Material Moving Occupations,18218.0,14831.0,14799.0,11221.0,10668.0,0.164597675,0.133996502,0.133707374,0.101380534,0.096384235,Office Administrative Occupations,Sales-Related Occupations,Transportation and Material Moving Occupations,Healthcare Occupations,Production Occupations,158208,129159,115944,101988,97525,0.133409232,0.108913593,0.09777002,0.086001597,0.08223816
37,Oregon,100,309,OR,Oregon,Mexico,China,Vietnam,India,Philippines,134188.0,24596.0,23700.0,16547.0,15694.0,0.322578162,0.059126988,0.05697307,0.039777782,0.037727233,Mexico,China,India,Vietnam,,8998.0,7200.0,6652.0,4844.0,,0.130122915,0.104121476,0.096196674,0.070050612,,Spanish,English,Chinese,Vietnamese,Russian,Chinese,159797.0,78162.0,25100.0,21507.0,14084.0,38.8%,19.0%,6.1%,5.2%,3.4%,322652,0.782469332,1,Healthcare Occupations,Management Occupations,Engineering Occupations,Education Occupations,Computer Occupations,12544.0,11207.0,9282.0,8118.0,8027.0,0.147418648,0.131706059,0.10908322,0.095403746,0.094334304,Management Occupations,Education Occupations,Healthcare Occupations,Sales-Related Occupations,Office Administrative Occupations,102802,82206,81735,51644,44716,0.158710703,0.126913607,0.126186445,0.079730503,0.069034725,Production Occupations,Food Service Occupations,Grounds Maintenance Occupations,Transportation and Material Moving Occupations,Agricultural Occupations,24806.0,20380.0,19506.0,15215.0,14717.0,0.143360764,0.117781684,0.112730592,0.087931715,0.08505363,Office Administrative Occupations,Sales-Related Occupations,Transportation and Material Moving Occupations,Healthcare Occupations,Food Service Occupations,151280,131744,121670,102994,102818,0.131917536,0.11488197,0.106097348,0.089811705,0.089658231
38,Pennsylvania,520,309,PA,Pennsylvania,India,Dominican Republic,China,Mexico,Korea,91951.0,72861.0,65984.0,46012.0,31336.0,0.103200354,0.081774868,0.074056536,0.051641144,0.035169668,India,China,Dominican Republic,Brazil,Pakistan,26623.0,21004.0,16146.0,8332.0,6414.0,0.144420996,0.113939777,0.087586723,0.045198355,0.034793835,English,Spanish,Chinese,Hindi and related,Dravidian,Chinese,194683.0,190564.0,71827.0,71483.0,48441.0,22.0%,21.6%,8.1%,8.1%,5.5%,705542,0.7979123,1,Healthcare Occupations,Computer Occupations,Management Occupations,Education Occupations,Office Administrative Occupations,39554.0,30248.0,30139.0,24172.0,13088.0,0.172320053,0.131777748,0.131302878,0.105307184,0.05701888,Management Occupations,Healthcare Occupations,Education Occupations,Sales-Related Occupations,Office Administrative Occupations,343540,274130,270108,161123,145778,0.166096002,0.132537395,0.130592823,0.077900343,0.070481285,Transportation and Material Moving Occupations,Production Occupations,Food Service Occupations,Sales-Related Occupations,Office Administrative Occupations,43217.0,34665.0,32504.0,28919.0,28363.0,0.135058194,0.108332187,0.101578809,0.090375267,0.088637702,Office Administrative Occupations,Transportation and Material Moving Occupations,Sales-Related Occupations,Healthcare Occupations,Production Occupations,486253,448882,375058,356460,299822,0.132726803,0.122526079,0.102375202,0.097298719,0.081838906
39,Rhode Island,700,309,RI,Rhode Island,Dominican Republic,Guatemala,Portugal,Cape Verde,India,34487.0,14233.0,11794.0,6986.0,5616.0,0.242847383,0.100224629,0.083049908,0.049193371,0.039546233,Dominican Republic,,,,,8894.0,,,,,0.354894072,,,,,Spanish,English,Portuguese,French,Other East/Southeast Asian,Portuguese,56071.0,22317.0,17673.0,8212.0,4837.0,39.8%,15.8%,12.5%,5.8%,3.4%,107580,0.763677418,1,Education Occupations,Management Occupations,Healthcare Occupations,Computer Occupations,,4009.0,3192.0,2954.0,2933.0,,0.152410284,0.121350363,0.112302311,0.111503951,,Management Occupations,Education Occupations,Healthcare Occupations,Office Administrative Occupations,Sales-Related Occupations,28972,26408,21319,13061,12865,0.159129113,0.145046309,0.117094897,0.071737722,0.070661187,Production Occupations,Transportation and Material Moving Occupations,Healthcare Occupations,Grounds Maintenance Occupations,Office Administrative Occupations,11332.0,7789.0,6797.0,6204.0,4391.0,0.184915632,0.127100945,0.110913485,0.101236902,0.07165236,Office Administrative Occupations,Sales-Related Occupations,Healthcare Occupations,Food Service Occupations,Transportation and Material Moving Occupations,42866,33848,24116,23811,22774,0.151421815,0.119566217,0.085188456,0.084111057,0.080447912
40,South Carolina,520,415,SC,South Carolina,Mexico,Honduras,India,Guatemala,China,61323.0,21432.0,16010.0,12732.0,10968.0,0.212499127,0.074267104,0.05547855,0.044119481,0.038006794,Honduras,Mexico,Guatemala,Jamaica,China,11196.0,10481.0,5733.0,4169.0,3897.0,0.168988571,0.158196613,0.08653193,0.062925451,0.058819979,Spanish,English,Hindi and related,Chinese,"Filipino, Tagalog",Hindi,117912.0,73574.0,13545.0,9337.0,8200.0,41.3%,25.8%,4.7%,3.3%,2.9%,222918,0.781228185,1,Management Occupations,Education Occupations,Healthcare Occupations,Office Administrative Occupations,Sales-Related Occupations,8684.0,7906.0,6857.0,4108.0,3631.0,0.166730672,0.151793256,0.131652713,0.078872591,0.069714308,Management Occupations,Education Occupations,Healthcare Occupations,Sales-Related Occupations,Office Administrative Occupations,125867,100402,92894,59338,54268,0.179636016,0.143292636,0.1325773,0.084686548,0.0774507,Construction and Extraction Occupations,Grounds Maintenance Occupations,Production Occupations,Food Service Occupations,Management Occupations,27166.0,14706.0,10745.0,10646.0,9538.0,0.225526333,0.12208607,0.089202695,0.088380821,0.079182439,Office Administrative Occupations,Production Occupations,Sales-Related Occupations,Transportation and Material Moving Occupations,Food Service Occupations,178266,170737,166767,157107,121640,0.11788325,0.112904496,0.110279225,0.103891283,0.080437765
41,South Dakota,280,309,SD,South Dakota,Mexico,,,,,4504.0,,,,,0.126350045,,,,,,,,,,,,,,,,,,,,English,Spanish,,,,N/A,9703.0,7440.0,,,,27.3%,21.0%,,,,31708,0.8931579590000000,1,,,,,,,,,,,,,,,,Management Occupations,Education Occupations,Healthcare Occupations,Sales-Related Occupations,Office Administrative Occupations,24880,21721,17896,10272,9140,0.180782422,0.157828569,0.13003546,0.074638143,0.066412836,,,,,,,,,,,,,,,,Office Administrative Occupations,Management Occupations,Sales-Related Occupations,Transportation and Material Moving Occupations,Production Occupations,40548,36294,29536,25288,24642,0.139292821,0.12467923,0.101463765,0.08687079,0.084651612
42,Tennessee,400,415,TN,Tennessee,Mexico,India,Guatemala,Honduras,China,90399.0,25162.0,22860.0,20269.0,14979.0,0.240307838,0.066888191,0.060768779,0.05388112,0.039818704,Mexico,India,Honduras,Guatemala,China,14214.0,8905.0,8715.0,5944.0,4745.0,0.167530999,0.104957335,0.102717929,0.070057988,0.05592617,Spanish,English,Arabic,Hindi and related,Chinese,Arabic,152268.0,84310.0,18385.0,17790.0,12314.0,41.0%,22.7%,5.0%,4.8%,3.3%,284536,0.766429007,1,Healthcare Occupations,Education Occupations,Computer Occupations,Management Occupations,Office Administrative Occupations,11704.0,9240.0,8004.0,7201.0,6787.0,0.143904001,0.11360842,0.098411448,0.088538334,0.08344809,Management Occupations,Education Occupations,Healthcare Occupations,Sales-Related Occupations,Office Administrative Occupations,163563,135357,121221,81701,78374,0.1702905,0.140924364,0.126206934,0.085061438,0.081597596,Construction and Extraction Occupations,Grounds Maintenance Occupations,Food Service Occupations,Production Occupations,Transportation and Material Moving Occupations,35164.0,19209.0,17268.0,14552.0,13852.0,0.228388086,0.124761313,0.112154633,0.09451437,0.089967914,Office Administrative Occupations,Transportation and Material Moving Occupations,Production Occupations,Sales-Related Occupations,Healthcare Occupations,259975,230182,229640,226817,165515,0.127794862,0.113149635,0.112883203,0.111495517,0.08136154
43,Texas,280,521,TX,Texas,Mexico,India,El Salvador,Vietnam,Honduras,2429667.0,295205.0,240462.0,186421.0,151354.0,0.490941197,0.059649449,0.048588019,0.037668433,0.030582756,Mexico,India,Honduras,El Salvador,Nigeria,229942.0,98364.0,57840.0,57181.0,37384.0,0.256933361,0.109910294,0.06462945,0.063893095,0.041772258,Spanish,English,Hindi and related,Vietnamese,Chinese,Hindi,3049108.0,515911.0,245046.0,176352.0,143494.0,62.1%,10.5%,5.0%,3.6%,2.9%,3269867,0.66586262,0,Management Occupations,Healthcare Occupations,Computer Occupations,Education Occupations,Sales-Related Occupations,123122.0,116745.0,113888.0,95254.0,62402.0,0.137623996,0.130495876,0.127302364,0.106473543,0.069752052,Management Occupations,Education Occupations,Healthcare Occupations,Sales-Related Occupations,Office Administrative Occupations,629040,590281,360235,317510,236057,0.174901724,0.164124966,0.100161709,0.08828222,0.065634578,Construction and Extraction Occupations,Grounds Maintenance Occupations,Transportation and Material Moving Occupations,Production Occupations,Food Service Occupations,425277.0,257191.0,235919.0,204070.0,202322.0,0.196737573,0.118979238,0.109138593,0.094404913,0.093596272,Office Administrative Occupations,Sales-Related Occupations,Transportation and Material Moving Occupations,Healthcare Occupations,Management Occupations,1049153,924427,809395,582494,579620,0.143686697,0.126604855,0.110850655,0.079775438,0.079381831
44,Utah,160,362,UT,Utah,Mexico,India,Venezuela,Brazil,Canada,104265.0,13318.0,9906.0,7821.0,6798.0,0.383138448,0.048939124,0.036401186,0.028739518,0.02498034,Venezuela,Mexico,India,Brazil,China,8879.0,8539.0,6082.0,4291.0,2524.0,0.158155352,0.152099177,0.10833437,0.076432556,0.04495823,Spanish,English,Hindi and related,Chinese,"Micronesian, Polynesian",Hindi,145396.0,41176.0,12087.0,8290.0,7198.0,53.7%,15.2%,4.5%,3.1%,2.7%,209360,0.773142397,1,Education Occupations,Computer Occupations,Office Administrative Occupations,Management Occupations,Healthcare Occupations,6039.0,5639.0,4816.0,4550.0,3331.0,0.123322919,0.115154482,0.098347932,0.09291593,0.068022624,Management Occupations,Education Occupations,Healthcare Occupations,Sales-Related Occupations,Computer Occupations,88605,70117,51587,39952,31793,0.186982453,0.147967368,0.108863652,0.084310398,0.067092523,Production Occupations,Transportation and Material Moving Occupations,Food Service Occupations,Construction and Extraction Occupations,Office Administrative Occupations,17717.0,15614.0,14957.0,14664.0,13764.0,0.135454178,0.119375825,0.114352778,0.112112664,0.105231769,Office Administrative Occupations,Sales-Related Occupations,Transportation and Material Moving Occupations,Management Occupations,Construction and Extraction Occupations,152209,100747,89771,88124,66632,0.16048184,0.106222786,0.094650216,0.092913702,0.070253573
45,Vermont,640,203,VT,Vermont,Canada,,,,,5664.0,,,,,0.208503589,,,,,,,,,,,,,,,,,,,,English,Chinese,French,,,Chinese,9180.0,3259.0,2247.0,,,34.9%,12.4%,8.5%,,,23608,0.897403717,1,,,,,,,,,,,,,,,,Management Occupations,Education Occupations,Healthcare Occupations,Community Service Occupations,Office Administrative Occupations,19732,18447,13672,9383,8647,0.158205315,0.147902563,0.109618038,0.075230107,0.069329076,,,,,,,,,,,,,,,,Sales-Related Occupations,Office Administrative Occupations,Construction and Extraction Occupations,Management Occupations,Production Occupations,23403,20708,18009,17425,16161,0.121780261,0.10775651,0.09371195,0.090673037,0.084095664
46,Virginia,520,362,VA,Virginia,El Salvador,India,Mexico,Vietnam,China,111540.0,96096.0,68799.0,48193.0,48191.0,0.1023966,0.088218607,0.063159257,0.044242419,0.044240583,El Salvador,India,Afghanistan,Guatemala,China,20761.0,20163.0,13986.0,13952.0,12713.0,0.102647647,0.099690981,0.069150329,0.068982229,0.062856294,Spanish,English,Hindi and related,Chinese,Dravidian,Hindi,337112.0,176914.0,93590.0,53278.0,48004.0,31.3%,16.4%,8.7%,4.9%,4.5%,883178,0.8187421560000000,1,Computer Occupations,Management Occupations,Healthcare Occupations,Education Occupations,Sales-Related Occupations,58428.0,40694.0,33481.0,26920.0,22338.0,0.180956632,0.126032874,0.10369359,0.083373599,0.069182739,Management Occupations,Education Occupations,Business Operations Specialists,Healthcare Occupations,Computer Occupations,261475,202607,138321,135557,108493,0.173205838,0.134210601,0.091626368,0.089795448,0.071867757,Construction and Extraction Occupations,Food Service Occupations,Grounds Maintenance Occupations,Transportation and Material Moving Occupations,Sales-Related Occupations,53320.0,47781.0,40108.0,38466.0,29448.0,0.134247452,0.12030153,0.100982688,0.09684851,0.074143268,Office Administrative Occupations,Sales-Related Occupations,Transportation and Material Moving Occupations,Healthcare Occupations,Food Service Occupations,276960,238171,211316,174520,159477,0.129387543,0.111266471,0.09872061,0.081530601,0.074502952
47,Washington,100,256,WA,Washington,Mexico,India,China,Philippines,Vietnam,253578.0,93291.0,86178.0,76851.0,56960.0,0.223948106,0.082390197,0.076108336,0.067871168,0.050304379,India,Mexico,China,Philippines,Vietnam,32263.0,29078.0,27536.0,9658.0,7712.0,0.142025769,0.128004998,0.121216923,0.042515725,0.033949189,Spanish,English,Chinese,Hindi and related,"Filipino, Tagalog",Chinese,289273.0,213352.0,104841.0,73680.0,60131.0,25.7%,19.0%,9.3%,6.6%,5.3%,905602,0.805277348,1,Computer Occupations,Management Occupations,Healthcare Occupations,Engineering Occupations,Education Occupations,76317.0,48420.0,33254.0,16668.0,16585.0,0.253834099,0.16104731,0.110604443,0.055438589,0.055162527,Management Occupations,Education Occupations,Healthcare Occupations,Business Operations Specialists,Computer Occupations,200495,133457,127800,87330,81828,0.170870498,0.113737822,0.108916678,0.074426398,0.069737352,Transportation and Material Moving Occupations,Grounds Maintenance Occupations,Healthcare Occupations,Production Occupations,Food Service Occupations,48619.0,47010.0,43793.0,40241.0,37737.0,0.11139369,0.107707217,0.100336574,0.092198387,0.086461335,Office Administrative Occupations,Sales-Related Occupations,Transportation and Material Moving Occupations,Management Occupations,Food Service Occupations,242871,207469,194904,164637,155037,0.126801223,0.10831809,0.101757988,0.085955806,0.080943711
48,West Virginia,460,362,WV,West Virginia,Philippines,China,,,,2472.0,2356.0,,,,0.089682192,0.085473806,,,,,,,,,,,,,,,,,,,English,Spanish,,,,N/A,8530.0,4782.0,,,,31.2%,17.5%,,,,25552,0.9350458980000000,1,,,,,,,,,,,,,,,,Education Occupations,Healthcare Occupations,Management Occupations,Sales-Related Occupations,Office Administrative Occupations,37695,30538,26098,14395,13861,0.191692561,0.155296654,0.132717669,0.073203728,0.07048814,,,,,,,,,,,,,,,,Office Administrative Occupations,Transportation and Material Moving Occupations,Sales-Related Occupations,Healthcare Occupations,Construction and Extraction Occupations,64231,62200,61448,61246,48229,0.119147964,0.115380481,0.113985524,0.113610819,0.089464389
49,Wisconsin,400,203,WI,Wisconsin,Mexico,India,China,Thailand,Laos,89428.0,26534.0,15088.0,10936.0,10359.0,0.305240005,0.090567142,0.051499099,0.03732729,0.035357844,Mexico,India,China,,,10522.0,9629.0,5238.0,,,0.194786921,0.178255394,0.096967675,,,Spanish,English,Hindi and related,Tibetan,Chinese,Hindi,100560.0,64257.0,20522.0,19202.0,12775.0,34.4%,22.0%,7.0%,6.6%,4.4%,230381,0.789173305,1,Education Occupations,Management Occupations,Computer Occupations,Healthcare Occupations,Sales-Related Occupations,8901.0,8160.0,8057.0,7513.0,4443.0,0.14344421,0.131502613,0.129842713,0.121075869,0.071601234,Management Occupations,Education Occupations,Healthcare Occupations,Office Administrative Occupations,Sales-Related Occupations,154794,137691,115407,71876,67754,0.16630049,0.147926152,0.123985693,0.077218853,0.072790444,Production Occupations,Transportation and Material Moving Occupations,Grounds Maintenance Occupations,Food Service Occupations,Construction and Extraction Occupations,26359.0,15346.0,11827.0,9941.0,9546.0,0.218113363,0.126983866,0.09786512,0.082258999,0.078990482,Office Administrative Occupations,Production Occupations,Transportation and Material Moving Occupations,Sales-Related Occupations,Healthcare Occupations,236176,231179,218586,191447,167044,0.124412507,0.121780194,0.115146473,0.100850224,0.087995239
50,Wyoming,220,309,WY,Wyoming,Mexico,,,,,8596.0,,,,,0.51203239,,,,,,,,,,,,,,,,,,,,Spanish,English,,,,N/A,9238.0,3064.0,,,,55.0%,18.3%,,,,14524,0.8651417490000000,1,,,,,,,,,,,,,,,,Education Occupations,Management Occupations,Healthcare Occupations,Sales-Related Occupations,Office Administrative Occupations,13676,11392,8701,5366,4346,0.188947216,0.157391548,0.120212764,0.074136503,0.06004421,,,,,,,,,,,,,,,,Construction and Extraction Occupations,Office Administrative Occupations,Transportation and Material Moving Occupations,Food Service Occupations,Sales-Related Occupations,24984,21393,19188,18298,17600,0.125915363,0.107817292,0.096704446,0.092218988,0.088701181