ID,Education,Field2,fieldText2,Field,fieldText,profCode,STEM,FieldNew,FieldOld,fieldTextNew,row,col,professionExtra,postsecondary,proftext,profTotal,profession,professionExtra2,professionExtra3,engineering,degreeTotal,educationText,fieldTotal,stemText,stemNumber,engineeringName,engineeringTotal
1,4,1,engineering,1,Engineering,12,2,1,1,Engineering,1,2,1,0,Software Developers,"23,118",1,1,1,0,"120,038",Advanced Degree,"54,061",STEM Degree,"143,278",,
2,4,1,engineering,1,Engineering,12,2,1,1,Engineering,1,2,1,0,Software Developers,"23,118",1,1,1,0,"120,038",Advanced Degree,"54,061",STEM Degree,"143,278",,
3,4,1,engineering,1,Engineering,12,2,1,1,Engineering,1,2,1,0,Software Developers,"23,118",1,1,1,0,"120,038",Advanced Degree,"54,061",STEM Degree,"143,278",,
4,4,1,engineering,1,Engineering,12,2,1,1,Engineering,1,2,1,0,Software Developers,"23,118",1,1,1,0,"120,038",Advanced Degree,"54,061",STEM Degree,"143,278",,
5,4,1,engineering,1,Engineering,1,2,1,1,Engineering,1,2,1,0,Software Developers,"23,118",1,1,1,0,"120,038",Advanced Degree,"54,061",STEM Degree,"143,278",,
6,4,1,engineering,1,Engineering,1,2,1,1,Engineering,1,2,1,0,Software Developers,"23,118",1,1,1,0,"120,038",Advanced Degree,"54,061",STEM Degree,"143,278",,
7,4,1,engineering,1,Engineering,1,2,1,1,Engineering,1,2,1,0,Software Developers,"23,118",1,1,1,0,"120,038",Advanced Degree,"54,061",STEM Degree,"143,278",,
8,4,1,engineering,1,Engineering,1,2,1,1,Engineering,1,2,1,0,Software Developers,"23,118",1,1,1,0,"120,038",Advanced Degree,"54,061",STEM Degree,"143,278",,
9,4,1,engineering,1,Engineering,1,2,1,1,Engineering,1,2,1,0,Software Developers,"23,118",1,1,1,0,"120,038",Advanced Degree,"54,061",STEM Degree,"143,278",,
10,4,1,engineering,1,Engineering,1,2,1,1,Engineering,1,2,1,0,Software Developers,"23,118",1,1,1,0,"120,038",Advanced Degree,"54,061",STEM Degree,"143,278",,
11,4,1,engineering,1,Engineering,1,2,1,1,Engineering,1,2,1,0,Software Developers,"23,118",1,1,1,0,"120,038",Advanced Degree,"54,061",STEM Degree,"143,278",,
12,4,1,engineering,1,Engineering,1,2,1,1,Engineering,1,2,1,0,Software Developers,"23,118",1,1,1,0,"120,038",Advanced Degree,"54,061",STEM Degree,"143,278",,
13,4,1,engineering,1,Engineering,1,2,1,1,Engineering,1,2,1,0,Software Developers,"23,118",1,1,1,0,"120,038",Advanced Degree,"54,061",STEM Degree,"143,278",,
14,4,1,engineering,1,Engineering,1,2,1,1,Engineering,1,2,1,0,Software Developers,"23,118",1,1,1,0,"120,038",Advanced Degree,"54,061",STEM Degree,"143,278",,
15,4,1,engineering,1,Engineering,1,2,1,1,Engineering,1,2,1,0,Software Developers,"23,118",1,1,1,0,"120,038",Advanced Degree,"54,061",STEM Degree,"143,278",,
16,4,1,engineering,1,Engineering,1,2,1,1,Engineering,1,2,1,0,Software Developers,"23,118",1,1,1,0,"120,038",Advanced Degree,"54,061",STEM Degree,"143,278",,
17,4,1,engineering,1,Engineering,1,2,1,1,Engineering,1,2,1,0,Software Developers,"23,118",1,1,1,0,"120,038",Advanced Degree,"54,061",STEM Degree,"143,278",,
18,4,1,engineering,1,Engineering,1,2,1,1,Engineering,1,2,1,0,Software Developers,"23,118",1,1,1,0,"120,038",Advanced Degree,"54,061",STEM Degree,"143,278",,
19,4,1,engineering,1,Engineering,1,2,1,1,Engineering,1,2,1,0,Software Developers,"23,118",1,1,1,0,"120,038",Advanced Degree,"54,061",STEM Degree,"143,278",,
20,4,1,engineering,1,Engineering,1,2,1,1,Engineering,1,2,1,0,Software Developers,"23,118",1,1,1,0,"120,038",Advanced Degree,"54,061",STEM Degree,"143,278",,
21,4,1,engineering,1,Engineering,1,2,1,1,Engineering,1,2,1,0,Software Developers,"23,118",1,1,1,0,"120,038",Advanced Degree,"54,061",STEM Degree,"143,278",,
22,4,1,engineering,1,Engineering,1,2,1,1,Engineering,1,2,1,0,Software Developers,"23,118",1,1,1,0,"120,038",Advanced Degree,"54,061",STEM Degree,"143,278",,
23,4,1,engineering,1,Engineering,1,2,1,1,Engineering,1,2,1,0,Software Developers,"23,118",1,1,1,0,"120,038",Advanced Degree,"54,061",STEM Degree,"143,278",,
24,4,1,engineering,1,Engineering,1,2,1,1,Engineering,1,2,1,1,Postsecondary Educators,"30,369",10,1,1,0,"120,038",Advanced Degree,"54,061",STEM Degree,"143,278",,
25,4,1,engineering,1,Engineering,2,2,1,1,Engineering,1,2,1,1,Postsecondary Educators,"30,369",10,1,1,0,"120,038",Advanced Degree,"54,061",STEM Degree,"143,278",,
26,4,1,engineering,1,Engineering,2,2,1,1,Engineering,1,2,1,1,Postsecondary Educators,"30,369",10,1,1,0,"120,038",Advanced Degree,"54,061",STEM Degree,"143,278",,
27,4,1,engineering,1,Engineering,12,2,1,1,Engineering,1,2,1,1,Postsecondary Educators,"30,369",10,1,1,0,"120,038",Advanced Degree,"54,061",STEM Degree,"143,278",,
28,4,1,engineering,1,Engineering,12,2,1,1,Engineering,1,2,1,1,Postsecondary Educators,"30,369",10,1,1,0,"120,038",Advanced Degree,"54,061",STEM Degree,"143,278",,
29,4,1,engineering,1,Engineering,12,2,1,1,Engineering,1,2,1,1,Postsecondary Educators,"30,369",10,1,1,0,"120,038",Advanced Degree,"54,061",STEM Degree,"143,278",,
30,4,1,engineering,1,Engineering,12,2,1,1,Engineering,1,2,1,1,Postsecondary Educators,"30,369",10,1,1,0,"120,038",Advanced Degree,"54,061",STEM Degree,"143,278",,
31,4,1,engineering,1,Engineering,2,2,1,1,Engineering,1,2,1,1,Postsecondary Educators,"30,369",10,1,1,0,"120,038",Advanced Degree,"54,061",STEM Degree,"143,278",,
32,4,1,engineering,1,Engineering,2,2,1,1,Engineering,1,2,1,1,Postsecondary Educators,"30,369",10,1,1,0,"120,038",Advanced Degree,"54,061",STEM Degree,"143,278",,
33,4,1,engineering,1,Engineering,2,2,1,1,Engineering,1,2,1,1,Postsecondary Educators,"30,369",10,1,1,0,"120,038",Advanced Degree,"54,061",STEM Degree,"143,278",,
34,4,1,engineering,1,Engineering,2,2,1,1,Engineering,1,2,1,1,Postsecondary Educators,"30,369",10,1,1,0,"120,038",Advanced Degree,"54,061",STEM Degree,"143,278",,
35,4,1,engineering,1,Engineering,2,2,1,1,Engineering,1,2,1,1,Postsecondary Educators,"30,369",10,1,1,0,"120,038",Advanced Degree,"54,061",STEM Degree,"143,278",,
36,4,1,engineering,1,Engineering,2,2,1,1,Engineering,1,2,1,1,Postsecondary Educators,"30,369",10,1,1,0,"120,038",Advanced Degree,"54,061",STEM Degree,"143,278",,
37,4,1,engineering,1,Engineering,12,2,1,1,Engineering,1,2,1,1,Postsecondary Educators,"30,369",10,1,1,0,"120,038",Advanced Degree,"54,061",STEM Degree,"143,278",,
38,4,1,engineering,1,Engineering,12,2,1,1,Engineering,1,2,1,1,Postsecondary Educators,"30,369",10,1,1,0,"120,038",Advanced Degree,"54,061",STEM Degree,"143,278",,
39,4,1,engineering,1,Engineering,12,2,1,1,Engineering,1,2,1,1,Postsecondary Educators,"30,369",10,1,1,0,"120,038",Advanced Degree,"54,061",STEM Degree,"143,278",,
40,4,1,engineering,1,Engineering,12,2,1,1,Engineering,1,2,1,1,Postsecondary Educators,"30,369",10,1,1,0,"120,038",Advanced Degree,"54,061",STEM Degree,"143,278",,
41,4,1,engineering,1,Engineering,12,2,1,1,Engineering,1,2,1,1,Postsecondary Educators,"30,369",10,1,1,0,"120,038",Advanced Degree,"54,061",STEM Degree,"143,278",,
42,4,1,engineering,1,Engineering,3,2,1,1,Engineering,1,2,1,1,Postsecondary Educators,"30,369",10,1,1,0,"120,038",Advanced Degree,"54,061",STEM Degree,"143,278",,
43,4,1,engineering,1,Engineering,4,2,1,1,Engineering,1,2,1,1,Postsecondary Educators,"30,369",10,1,1,0,"120,038",Advanced Degree,"54,061",STEM Degree,"143,278",,
44,4,1,engineering,1,Engineering,4,2,1,1,Engineering,1,2,1,1,Postsecondary Educators,"30,369",10,1,1,0,"120,038",Advanced Degree,"54,061",STEM Degree,"143,278",,
45,4,1,engineering,1,Engineering,4,2,1,1,Engineering,1,2,1,1,Postsecondary Educators,"30,369",10,1,1,0,"120,038",Advanced Degree,"54,061",STEM Degree,"143,278",,
46,4,1,engineering,1,Engineering,4,2,1,1,Engineering,1,2,1,1,Postsecondary Educators,"30,369",10,1,1,0,"120,038",Advanced Degree,"54,061",STEM Degree,"143,278",,
47,4,1,engineering,1,Engineering,4,2,1,1,Engineering,1,2,1,1,Postsecondary Educators,"30,369",10,1,1,0,"120,038",Advanced Degree,"54,061",STEM Degree,"143,278",,
48,4,1,engineering,1,Engineering,4,2,1,1,Engineering,1,2,1,1,Postsecondary Educators,"30,369",10,1,1,0,"120,038",Advanced Degree,"54,061",STEM Degree,"143,278",,
49,4,1,engineering,1,Engineering,4,2,1,1,Engineering,1,2,1,1,Postsecondary Educators,"30,369",10,1,1,0,"120,038",Advanced Degree,"54,061",STEM Degree,"143,278",,
50,4,1,engineering,1,Engineering,5,2,1,1,Engineering,1,2,1,1,Postsecondary Educators,"30,369",10,1,1,0,"120,038",Advanced Degree,"54,061",STEM Degree,"143,278",,
51,4,1,engineering,1,Engineering,5,2,1,1,Engineering,1,2,1,1,Postsecondary Educators,"30,369",10,1,1,0,"120,038",Advanced Degree,"54,061",STEM Degree,"143,278",,
52,4,1,engineering,1,Engineering,5,2,1,1,Engineering,1,2,1,1,Postsecondary Educators,"30,369",10,1,1,0,"120,038",Advanced Degree,"54,061",STEM Degree,"143,278",,
53,4,1,engineering,1,Engineering,5,2,1,1,Engineering,1,2,1,1,Postsecondary Educators,"30,369",10,1,1,0,"120,038",Advanced Degree,"54,061",STEM Degree,"143,278",,
54,4,1,engineering,1,Engineering,5,2,1,1,Engineering,1,2,1,0,Engineers,"13,362",12,1,1,1,"120,038",Advanced Degree,"54,061",STEM Degree,"143,278",Engineers,"13,362"
55,4,2,computer,3,med,5,2,2,7,Business,1,4,1,0,Engineers,"13,362",12,1,1,1,"120,038",Advanced Degree,"45,062",STEM Degree,"143,278",Engineers,"13,362"
56,4,2,computer,3,med,5,2,2,7,Business,1,4,1,0,Engineers,"13,362",12,1,1,1,"120,038",Advanced Degree,"45,062",STEM Degree,"143,278",Engineers,"13,362"
57,4,2,computer,3,med,6,2,2,7,Business,1,4,1,0,Engineers,"13,362",12,1,1,1,"120,038",Advanced Degree,"45,062",STEM Degree,"143,278",Engineers,"13,362"
58,4,2,computer,3,med,6,2,2,7,Business,1,4,1,0,Engineers,"13,362",12,1,1,1,"120,038",Advanced Degree,"45,062",STEM Degree,"143,278",Engineers,"13,362"
59,4,2,computer,3,med,6,2,2,7,Business,1,4,1,0,Engineers,"13,362",12,1,1,1,"120,038",Advanced Degree,"45,062",STEM Degree,"143,278",Engineers,"13,362"
60,4,2,computer,3,med,6,2,2,7,Business,1,4,1,0,Engineers,"13,362",12,1,1,1,"120,038",Advanced Degree,"45,062",STEM Degree,"143,278",Engineers,"13,362"
61,4,2,computer,3,med,6,2,2,7,Business,1,4,1,0,Engineers,"13,362",12,1,1,1,"120,038",Advanced Degree,"45,062",STEM Degree,"143,278",Engineers,"13,362"
62,4,2,computer,3,med,6,2,2,7,Business,1,4,1,0,Engineers,"13,362",12,1,1,1,"120,038",Advanced Degree,"45,062",STEM Degree,"143,278",Engineers,"13,362"
63,4,2,computer,3,med,7,2,2,7,Business,1,4,1,0,Engineers,"13,362",12,1,1,1,"120,038",Advanced Degree,"45,062",STEM Degree,"143,278",Engineers,"13,362"
64,4,2,computer,3,med,7,2,2,7,Business,1,4,1,0,Engineers,"13,362",12,1,1,1,"120,038",Advanced Degree,"45,062",STEM Degree,"143,278",Engineers,"13,362"
65,4,2,computer,3,med,7,2,2,7,Business,1,4,1,0,Engineers,"13,362",12,1,1,1,"120,038",Advanced Degree,"45,062",STEM Degree,"143,278",Engineers,"13,362"
66,4,2,computer,3,med,7,2,2,7,Business,1,4,1,0,Engineers,"13,362",12,1,1,1,"120,038",Advanced Degree,"45,062",STEM Degree,"143,278",Engineers,"13,362"
67,4,2,computer,3,med,7,2,2,7,Business,1,4,1,0,Managers,"9,257",4,1,1,0,"120,038",Advanced Degree,"45,062",STEM Degree,"143,278",,
68,4,2,computer,3,med,7,2,2,7,Business,1,4,1,0,Managers,"9,257",4,1,1,0,"120,038",Advanced Degree,"45,062",STEM Degree,"143,278",,
69,4,2,computer,3,med,7,2,2,7,Business,1,4,1,0,Managers,"9,257",4,1,1,0,"120,038",Advanced Degree,"45,062",STEM Degree,"143,278",,
70,4,2,computer,3,med,7,2,2,7,Business,1,4,1,0,Managers,"9,257",4,1,1,0,"120,038",Advanced Degree,"45,062",STEM Degree,"143,278",,
71,4,2,computer,3,med,7,2,2,7,Business,1,4,1,0,Managers,"9,257",4,1,1,0,"120,038",Advanced Degree,"45,062",STEM Degree,"143,278",,
72,4,2,computer,3,med,8,2,2,7,Business,1,4,1,0,Managers,"9,257",4,1,1,0,"120,038",Advanced Degree,"45,062",STEM Degree,"143,278",,
73,4,2,computer,5,business,8,1,2,7,Business,3,2,1,0,Managers,"9,257",4,1,1,0,"120,038",Advanced Degree,"45,062",non-STEM Degree,"127,051",,
74,4,2,computer,5,business,8,1,2,7,Business,3,2,1,0,Managers,"9,257",4,1,1,0,"120,038",Advanced Degree,"45,062",non-STEM Degree,"127,051",,
75,4,2,computer,5,business,8,1,2,7,Business,3,2,1,0,Managers,"9,257",4,1,1,0,"120,038",Advanced Degree,"45,062",non-STEM Degree,"127,051",,
76,4,2,computer,5,business,8,1,2,7,Business,3,2,1,0,Computer Scientists,"12,076",5,1,1,0,"120,038",Advanced Degree,"45,062",non-STEM Degree,"127,051",,
77,4,2,computer,5,business,8,1,2,7,Business,3,2,1,0,Computer Scientists,"12,076",5,1,1,0,"120,038",Advanced Degree,"45,062",non-STEM Degree,"127,051",,
78,4,2,computer,5,business,8,1,2,7,Business,3,2,1,0,Computer Scientists,"12,076",5,1,1,0,"120,038",Advanced Degree,"45,062",non-STEM Degree,"127,051",,
79,4,2,computer,5,business,8,1,2,7,Business,3,2,1,0,Computer Scientists,"12,076",5,1,1,0,"120,038",Advanced Degree,"45,062",non-STEM Degree,"127,051",,
80,4,2,computer,5,business,9,1,2,7,Business,3,2,1,0,Computer Scientists,"12,076",5,1,1,0,"120,038",Advanced Degree,"45,062",non-STEM Degree,"127,051",,
81,4,2,computer,5,business,9,1,2,7,Business,3,2,1,0,Computer Scientists,"12,076",5,1,1,0,"120,038",Advanced Degree,"45,062",non-STEM Degree,"127,051",,
82,4,3,med,7,business,9,1,2,7,Business,3,2,1,0,Computer Scientists,"12,076",5,1,1,0,"120,038",Advanced Degree,"45,062",non-STEM Degree,"127,051",,
83,4,3,med,7,business,9,1,2,7,Business,3,2,1,0,Computer Scientists,"12,076",5,1,1,0,"120,038",Advanced Degree,"45,062",non-STEM Degree,"127,051",,
84,4,3,med,7,business,9,1,2,7,Business,3,2,1,0,Computer Scientists,"12,076",5,1,1,0,"120,038",Advanced Degree,"45,062",non-STEM Degree,"127,051",,
85,4,3,med,7,business,9,1,2,7,Business,3,2,1,0,Computer Scientists,"12,076",5,1,1,0,"120,038",Advanced Degree,"45,062",non-STEM Degree,"127,051",,
86,4,3,med,7,business,9,1,2,7,Business,3,2,1,0,Computer Scientists,"12,076",5,1,1,0,"120,038",Advanced Degree,"45,062",non-STEM Degree,"127,051",,
87,4,3,med,7,business,10,1,2,7,Business,3,2,1,0,Computer Scientists,"12,076",5,1,1,0,"120,038",Advanced Degree,"45,062",non-STEM Degree,"127,051",,
88,4,3,med,7,business,10,1,2,7,Business,3,4,1,0,Accountants,"8,300",6,1,1,0,"120,038",Advanced Degree,"45,062",non-STEM Degree,"127,051",,
89,4,3,med,7,business,10,1,2,7,Business,3,4,1,0,Accountants,"8,300",6,1,1,0,"120,038",Advanced Degree,"45,062",non-STEM Degree,"127,051",,
90,4,3,med,7,business,10,1,2,7,Business,3,4,1,0,Accountants,"8,300",6,1,1,0,"120,038",Advanced Degree,"45,062",non-STEM Degree,"127,051",,
91,4,3,med,7,business,10,1,2,7,Business,3,4,1,0,Accountants,"8,300",6,1,1,0,"120,038",Advanced Degree,"45,062",non-STEM Degree,"127,051",,
92,4,3,med,7,business,10,1,2,7,Business,3,4,1,0,Accountants,"8,300",6,1,1,0,"120,038",Advanced Degree,"45,062",non-STEM Degree,"127,051",,
93,4,3,med,7,business,10,1,2,7,Business,3,4,1,0,Accountants,"8,300",6,1,1,0,"120,038",Advanced Degree,"45,062",non-STEM Degree,"127,051",,
94,4,3,med,7,business,10,1,2,7,Business,3,4,1,0,Accountants,"8,300",6,1,1,0,"120,038",Advanced Degree,"45,062",non-STEM Degree,"127,051",,
95,4,3,med,7,business,10,1,2,7,Business,3,4,1,0,Accountants,"8,300",6,1,1,0,"120,038",Advanced Degree,"45,062",non-STEM Degree,"127,051",,
96,4,3,med,7,business,10,1,2,7,Business,3,4,1,0,Nurses,"6,910",9,1,1,0,"120,038",Advanced Degree,"45,062",non-STEM Degree,"127,051",,
97,4,3,med,7,business,10,1,2,7,Business,3,4,1,0,Nurses,"6,910",9,1,1,0,"120,038",Advanced Degree,"45,062",non-STEM Degree,"127,051",,
98,4,3,med,7,business,10,1,2,7,Business,3,4,1,0,Nurses,"6,910",9,1,1,0,"120,038",Advanced Degree,"45,062",non-STEM Degree,"127,051",,
99,4,3,med,7,business,10,1,2,7,Business,3,4,1,0,Nurses,"6,910",9,1,1,0,"120,038",Advanced Degree,"45,062",non-STEM Degree,"127,051",,
100,4,4,bio,9,business,10,1,3,2,Computer Science,5,2,1,0,Nurses,"6,910",9,1,1,0,"120,038",Advanced Degree,"27,595",non-STEM Degree,"127,051",,
101,4,4,bio,9,business,10,1,3,2,Computer Science,5,2,1,0,Nurses,"6,910",9,1,1,0,"120,038",Advanced Degree,"27,595",non-STEM Degree,"127,051",,
102,4,4,bio,9,business,10,1,3,2,Computer Science,5,2,1,0,Nurses,"6,910",9,1,1,0,"120,038",Advanced Degree,"27,595",non-STEM Degree,"127,051",,
103,4,4,bio,9,business,10,1,3,2,Computer Science,5,2,1,0,CEO's,"6,946",8,1,1,0,"120,038",Advanced Degree,"27,595",non-STEM Degree,"127,051",,
104,4,4,bio,9,business,10,1,3,2,Computer Science,5,2,1,0,CEO's,"6,946",8,1,1,0,"120,038",Advanced Degree,"27,595",non-STEM Degree,"127,051",,
105,4,4,bio,9,business,10,1,3,2,Computer Science,5,2,1,0,CEO's,"6,946",8,1,1,0,"120,038",Advanced Degree,"27,595",non-STEM Degree,"127,051",,
106,4,4,bio,9,business,10,1,3,2,Computer Science,5,2,1,0,CEO's,"6,946",8,1,1,0,"120,038",Advanced Degree,"27,595",non-STEM Degree,"127,051",,
107,4,4,bio,9,business,10,1,3,2,Computer Science,5,2,1,0,CEO's,"6,946",8,1,1,0,"120,038",Advanced Degree,"27,595",non-STEM Degree,"127,051",,
108,4,4,bio,9,business,10,1,3,2,Computer Science,5,2,1,0,CEO's,"6,946",8,1,1,0,"120,038",Advanced Degree,"27,595",non-STEM Degree,"127,051",,
109,4,4,bio,9,business,10,1,3,2,Computer Science,5,2,1,0,CEO's,"6,946",8,1,1,0,"120,038",Advanced Degree,"27,595",non-STEM Degree,"127,051",,
110,4,4,bio,9,business,10,1,3,2,Computer Science,5,2,1,0,Physicians,"6,525",7,1,1,0,"120,038",Advanced Degree,"27,595",non-STEM Degree,"127,051",,
111,4,4,bio,9,business,10,1,3,2,Computer Science,5,2,1,0,Physicians,"6,525",7,1,1,0,"120,038",Advanced Degree,"27,595",non-STEM Degree,"127,051",,
112,4,4,bio,9,business,10,1,3,2,Computer Science,5,2,1,0,Physicians,"6,525",7,1,1,0,"120,038",Advanced Degree,"27,595",non-STEM Degree,"127,051",,
113,4,4,bio,9,business,10,1,3,2,Computer Science,5,2,1,0,Physicians,"6,525",7,1,1,0,"120,038",Advanced Degree,"27,595",non-STEM Degree,"127,051",,
114,4,4,bio,9,business,10,1,3,2,Computer Science,5,2,1,0,Physicians,"6,525",7,1,1,0,"120,038",Advanced Degree,"27,595",non-STEM Degree,"127,051",,
115,4,5,phySci,10,business,10,1,3,2,Computer Science,5,2,1,0,Physicians,"6,525",7,1,1,0,"120,038",Advanced Degree,"27,595",non-STEM Degree,"127,051",,
116,4,5,phySci,10,business,10,1,3,2,Computer Science,5,2,1,0,Physicians,"6,525",7,1,1,0,"120,038",Advanced Degree,"27,595",non-STEM Degree,"127,051",,
117,4,5,phySci,10,business,11,1,3,2,Computer Science,5,2,1,0,Cashiers,"6,343",2,1,1,0,"120,038",Advanced Degree,"27,595",non-STEM Degree,"127,051",,
118,4,5,phySci,10,socsci,11,1,3,8,Computer Science,5,2,1,0,Cashiers,"6,343",2,1,1,0,"120,038",Advanced Degree,"27,595",non-STEM Degree,"127,051",,
119,4,5,phySci,10,socsci,11,1,3,8,Computer Science,5,2,1,0,Cashiers,"6,343",2,1,1,0,"120,038",Advanced Degree,"27,595",non-STEM Degree,"127,051",,
120,4,5,phySci,10,socsci,11,1,3,8,Computer Science,5,2,1,0,Cashiers,"6,343",2,1,1,0,"120,038",Masters+,"27,595",non-STEM Degree,"127,051",,
121,3,5,phySci,10,socsci,11,1,3,8,Computer Science,5,2,1,0,Cashiers,"6,343",2,1,1,0,"150,291",Bachelors,"27,595",non-STEM Degree,"127,051",,
122,3,5,phySci,10,socsci,11,1,3,8,Computer Science,5,2,1,0,Cashiers,"6,343",2,1,1,0,"150,291",Bachelors,"27,595",non-STEM Degree,"127,051",,
123,3,5,phySci,10,socsci,11,1,3,8,Computer Science,5,2,1,0,Physical Scientists,"5,850",3,1,1,0,"150,291",Bachelors,"27,595",non-STEM Degree,"127,051",,
124,3,5,phySci,10,socsci,11,1,3,8,Computer Science,5,2,1,0,Physical Scientists,"5,850",3,1,1,0,"150,291",Bachelors,"27,595",non-STEM Degree,"127,051",,
125,3,5,phySci,10,socsci,11,1,3,8,Computer Science,5,2,1,0,Physical Scientists,"5,850",3,1,1,0,"150,291",Bachelors,"27,595",non-STEM Degree,"127,051",,
126,3,5,phySci,10,socsci,11,1,3,8,Computer Science,5,2,1,0,Physical Scientists,"5,850",3,1,1,0,"150,291",Bachelors,"27,595",non-STEM Degree,"127,051",,
127,3,6,business,2,socsci,11,1,4,8,Social Science,5,4,1,0,Physical Scientists,"5,850",3,1,1,0,"150,291",Bachelors,"18,257",non-STEM Degree,"127,051",,
128,3,6,business,2,socsci,11,1,4,8,Social Science,5,4,1,0,Physical Scientists,"5,850",3,1,1,0,"150,291",Bachelors,"18,257",non-STEM Degree,"127,051",,
129,3,6,business,2,socsci,11,1,4,8,Social Science,5,4,1,0,other,"207,684",11,1,1,0,"150,291",Bachelors,"18,257",non-STEM Degree,"127,051",,
130,3,6,business,2,socsci,11,1,4,8,Social Science,5,4,1,0,other,"207,684",11,1,1,0,"150,291",Bachelors,"18,257",non-STEM Degree,"127,051",,
131,3,6,business,2,socsci,11,1,4,8,Social Science,5,4,1,0,other,"207,684",11,1,1,0,"150,291",Bachelors,"18,257",non-STEM Degree,"127,051",,
132,3,6,business,2,socsci,11,1,4,8,Social Science,5,4,1,0,other,"207,684",11,1,1,0,"150,291",Bachelors,"18,257",non-STEM Degree,"127,051",,
133,3,6,business,2,socsci,11,1,4,8,Social Science,5,4,1,0,other,"207,684",11,1,1,0,"150,291",Bachelors,"18,257",non-STEM Degree,"127,051",,
134,3,6,business,2,socsci,11,1,4,8,Social Science,5,4,1,0,other,"207,684",11,1,1,0,"150,291",Bachelors,"18,257",non-STEM Degree,"127,051",,
135,3,6,business,2,socsci,11,1,4,8,Social Science,5,4,1,0,other,"207,684",11,1,1,0,"150,291",Bachelors,"18,257",non-STEM Degree,"127,051",,
136,3,6,business,2,bio,11,2,4,3,Social Science,5,4,1,0,other,"207,684",11,1,1,0,"150,291",Bachelors,"18,257",STEM Degree,"143,278",,
137,3,6,business,2,bio,11,2,4,3,Social Science,5,4,1,0,other,"207,684",11,1,1,0,"150,291",Bachelors,"18,257",STEM Degree,"143,278",,
138,3,6,business,2,bio,11,2,4,3,Social Science,5,4,1,0,other,"207,684",11,1,1,0,"150,291",Bachelors,"18,257",STEM Degree,"143,278",,
139,3,6,business,2,bio,11,2,4,3,Social Science,5,4,1,0,other,"207,684",11,1,1,0,"150,291",Bachelors,"18,257",STEM Degree,"143,278",,
140,3,6,business,2,bio,11,2,4,3,Social Science,5,4,1,0,other,"207,684",11,1,1,0,"150,291",Bachelors,"18,257",STEM Degree,"143,278",,
141,3,6,business,2,bio,11,2,4,3,Social Science,5,4,1,0,other,"207,684",11,1,1,0,"150,291",Bachelors,"18,257",STEM Degree,"143,278",,
142,3,6,business,2,bio,11,2,4,3,Social Science,5,4,1,0,other,"207,684",11,1,1,0,"150,291",Bachelors,"18,257",STEM Degree,"143,278",,
143,3,6,business,2,bio,11,2,4,3,Social Science,5,4,1,0,other,"207,684",11,1,1,0,"150,291",Bachelors,"18,257",STEM Degree,"143,278",,
144,3,6,business,2,bio,11,2,4,3,Social Science,2,8,1,0,other,"207,684",11,1,1,0,"150,291",Bachelors,"18,257",STEM Degree,"143,278",,
145,3,6,business,2,bio,11,2,5,3,Medical & Health,2,8,1,0,other,"207,684",11,1,1,0,"150,291",Bachelors,"17,572",STEM Degree,"143,278",,
146,3,6,business,2,bio,11,2,5,3,Medical & Health,2,8,1,0,other,"207,684",11,1,1,0,"150,291",Bachelors,"17,572",STEM Degree,"143,278",,
147,3,6,business,2,bio,11,2,5,3,Medical & Health,2,8,1,0,other,"207,684",11,1,1,0,"150,291",Bachelors,"17,572",STEM Degree,"143,278",,
148,3,6,business,2,bio,11,2,5,3,Medical & Health,2,8,1,0,other,"207,684",11,1,1,0,"150,291",Bachelors,"17,572",STEM Degree,"143,278",,
149,3,6,business,2,bio,11,2,5,3,Medical & Health,2,8,1,0,other,"207,684",11,1,1,0,"150,291",Bachelors,"17,572",STEM Degree,"143,278",,
150,3,6,business,2,bio,11,2,5,3,Medical & Health,2,8,1,0,other,"207,684",11,1,1,0,"150,291",Bachelors,"17,572",STEM Degree,"143,278",,
151,3,6,business,2,phySci,11,2,5,9,Medical & Health,2,8,1,0,other,"207,684",11,1,1,0,"150,291",Bachelors,"17,572",STEM Degree,"143,278",,
152,3,6,business,2,phySci,11,2,5,9,Medical & Health,2,8,1,0,other,"207,684",11,1,1,0,"150,291",Bachelors,"17,572",STEM Degree,"143,278",,
153,3,6,business,2,phySci,11,2,5,9,Medical & Health,2,8,1,0,other,"207,684",11,1,1,0,"150,291",Bachelors,"17,572",STEM Degree,"143,278",,
154,3,6,business,2,phySci,11,2,5,9,Medical & Health,2,8,1,0,other,"207,684",11,1,1,0,"150,291",Bachelors,"17,572",STEM Degree,"143,278",,
155,3,6,business,2,phySci,11,2,5,9,Medical & Health,2,8,1,0,other,"207,684",11,1,1,0,"150,291",Bachelors,"17,572",STEM Degree,"143,278",,
156,3,6,business,2,phySci,11,2,5,9,Medical & Health,2,8,1,0,other,"207,684",11,1,1,0,"150,291",Bachelors,"17,572",STEM Degree,"143,278",,
157,3,6,business,2,phySci,11,2,5,9,Medical & Health,2,8,1,0,other,"207,684",11,1,1,0,"150,291",Bachelors,"17,572",STEM Degree,"143,278",,
158,3,6,business,2,phySci,11,2,5,9,Medical & Health,2,8,1,0,other,"207,684",11,1,1,0,"150,291",Bachelors,"17,572",STEM Degree,"143,278",,
159,3,6,business,2,phySci,11,2,5,9,Medical & Health,2,8,1,0,other,"207,684",11,1,1,0,"150,291",Bachelors,"17,572",STEM Degree,"143,278",,
160,3,6,business,2,phySci,11,2,5,9,Medical & Health,2,8,1,0,other,"207,684",11,1,1,0,"150,291",Bachelors,"17,572",STEM Degree,"143,278",,
161,3,6,business,2,phySci,11,2,5,9,Medical & Health,2,8,1,0,other,"207,684",11,1,1,0,"150,291",Bachelors,"17,572",STEM Degree,"143,278",,
162,3,6,business,2,phySci,11,2,5,9,Medical & Health,2,8,1,0,other,"207,684",11,1,1,0,"150,291",Bachelors,"17,572",STEM Degree,"143,278",,
163,3,6,business,2,ed,11,1,6,9,Education,2,8,1,0,other,"207,684",11,1,1,0,"150,291",Bachelors,"12,934",non-STEM Degree,"127,051",,
164,3,6,business,2,ed,11,1,6,4,Education,2,8,1,0,other,"207,684",11,1,1,0,"150,291",Bachelors,"12,934",non-STEM Degree,"127,051",,
165,3,6,business,2,ed,11,1,6,4,Education,2,8,1,0,other,"207,684",11,1,1,0,"150,291",Bachelors,"12,934",non-STEM Degree,"127,051",,
166,3,6,business,2,ed,11,1,6,4,Education,2,8,1,0,other,"207,684",11,1,1,0,"150,291",Bachelors,"12,934",non-STEM Degree,"127,051",,
167,3,6,business,2,ed,11,1,6,4,Education,2,8,1,0,other,"207,684",11,1,1,0,"150,291",Bachelors,"12,934",non-STEM Degree,"127,051",,
168,3,6,business,2,ed,11,1,6,4,Education,2,8,1,0,other,"207,684",11,1,1,0,"150,291",Bachelors,"12,934",non-STEM Degree,"127,051",,
169,3,6,business,2,ed,11,1,6,4,Education,2,8,1,0,other,"207,684",11,1,1,0,"150,291",Bachelors,"12,934",non-STEM Degree,"127,051",,
170,3,6,business,2,ed,11,1,6,4,Education,2,8,1,0,other,"207,684",11,1,1,0,"150,291",Bachelors,"12,934",non-STEM Degree,"127,051",,
171,3,6,business,2,ed,11,1,6,4,Education,2,8,1,0,other,"207,684",11,1,1,0,"150,291",Bachelors,"12,934",non-STEM Degree,"127,051",,
172,3,7,socsci,4,ed,11,1,6,4,Education,2,8,1,0,other,"207,684",11,1,1,0,"150,291",Bachelors,"12,934",non-STEM Degree,"127,051",,
173,3,7,socsci,4,ed,11,1,6,4,Education,2,8,1,0,other,"207,684",11,1,1,0,"150,291",Bachelors,"12,934",non-STEM Degree,"127,051",,
174,3,7,socsci,4,ed,11,1,6,4,Education,2,8,1,0,other,"207,684",11,1,1,0,"150,291",Bachelors,"12,934",non-STEM Degree,"127,051",,
175,3,7,socsci,4,ed,11,1,6,4,Education,2,8,1,0,other,"207,684",11,1,1,0,"150,291",Bachelors,"12,934",non-STEM Degree,"127,051",,
176,3,7,socsci,4,NonSTEMother,11,1,7,10,Biology & Life Science,2,8,1,0,other,"207,684",11,1,1,0,"150,291",Bachelors,"14,624",non-STEM Degree,"127,051",,
177,3,7,socsci,4,NonSTEMother,11,1,7,10,Biology & Life Science,2,8,1,0,other,"207,684",11,1,1,0,"150,291",Bachelors,"14,624",non-STEM Degree,"127,051",,
178,3,7,socsci,4,NonSTEMother,11,1,7,10,Biology & Life Science,2,8,1,0,other,"207,684",11,1,1,0,"150,291",Bachelors,"14,624",non-STEM Degree,"127,051",,
179,3,7,socsci,4,NonSTEMother,11,1,7,10,Biology & Life Science,2,8,1,0,other,"207,684",11,1,1,0,"150,291",Bachelors,"14,624",non-STEM Degree,"127,051",,
180,3,7,socsci,4,NonSTEMother,11,1,7,10,Biology & Life Science,2,8,1,0,other,"207,684",11,1,1,0,"150,291",Bachelors,"14,624",non-STEM Degree,"127,051",,
181,3,7,socsci,4,NonSTEMother,11,1,7,10,Biology & Life Science,2,8,1,0,other,"207,684",11,1,1,0,"150,291",Bachelors,"14,624",non-STEM Degree,"127,051",,
182,3,7,socsci,4,NonSTEMother,11,1,7,10,Biology & Life Science,2,8,1,0,other,"207,684",11,1,1,0,"150,291",Bachelors,"14,624",non-STEM Degree,"127,051",,
183,3,7,socsci,4,NonSTEMother,11,1,7,10,Biology & Life Science,2,8,1,0,other,"207,684",11,1,1,0,"150,291",Bachelors,"14,624",non-STEM Degree,"127,051",,
184,3,7,socsci,4,NonSTEMother,11,1,7,10,Biology & Life Science,2,8,1,0,other,"207,684",11,1,1,0,"150,291",Bachelors,"14,624",non-STEM Degree,"127,051",,
185,3,7,socsci,4,NonSTEMother,11,1,7,10,Biology & Life Science,2,8,1,0,other,"207,684",11,1,1,0,"150,291",Bachelors,"14,624",non-STEM Degree,"127,051",,
186,3,7,socsci,4,NonSTEMother,11,1,7,10,Biology & Life Science,2,8,1,0,other,"207,684",11,1,1,0,"150,291",Bachelors,"14,624",non-STEM Degree,"127,051",,
187,3,7,socsci,4,NonSTEMother,11,1,7,10,Biology & Life Science,2,8,1,0,other,"207,684",11,1,1,0,"150,291",Bachelors,"14,624",non-STEM Degree,"127,051",,
188,3,7,socsci,4,NonSTEMother,11,1,7,10,Biology & Life Science,2,8,1,0,other,"207,684",11,1,1,0,"150,291",Bachelors,"14,624",non-STEM Degree,"127,051",,
189,3,7,socsci,4,NonSTEMother,11,1,7,10,Biology & Life Science,2,10,1,0,other,"207,684",11,1,1,0,"150,291",Bachelors,"14,624",non-STEM Degree,"127,051",,
190,3,8,ed,6,NonSTEMother,11,1,7,10,Biology & Life Science,2,10,1,0,other,"207,684",11,1,1,0,"150,291",Bachelors,"14,624",non-STEM Degree,"127,051",,
191,3,8,ed,6,NonSTEMother,11,1,8,10,other non-STEM,2,10,1,0,other,"207,684",11,1,1,0,"150,291",Bachelors,"50,798",non-STEM Degree,"127,051",,
192,3,8,ed,6,NonSTEMother,11,1,8,10,other non-STEM,2,10,1,0,other,"207,684",11,1,1,0,"150,291",Bachelors,"50,798",non-STEM Degree,"127,051",,
193,3,8,ed,6,NonSTEMother,11,1,8,10,other non-STEM,2,10,1,0,other,"207,684",11,1,1,0,"150,291",Bachelors,"50,798",non-STEM Degree,"127,051",,
194,3,8,ed,6,NonSTEMother,11,1,8,10,other non-STEM,2,10,1,0,other,"207,684",11,1,1,0,"150,291",Bachelors,"50,798",non-STEM Degree,"127,051",,
195,3,8,ed,6,NonSTEMother,11,1,8,10,other non-STEM,2,10,1,0,other,"207,684",11,1,1,0,"150,291",Bachelors,"50,798",non-STEM Degree,"127,051",,
196,3,8,ed,6,NonSTEMother,11,1,8,10,other non-STEM,2,10,1,0,other,"207,684",11,1,1,0,"150,291",Bachelors,"50,798",non-STEM Degree,"127,051",,
197,3,8,ed,6,NonSTEMother,11,1,8,10,other non-STEM,2,10,1,0,other,"207,684",11,1,1,0,"150,291",Bachelors,"50,798",non-STEM Degree,"127,051",,
198,3,8,ed,6,NonSTEMother,11,1,8,10,other non-STEM,2,10,1,0,other,"207,684",11,1,1,0,"150,291",Bachelors,"50,798",non-STEM Degree,"127,051",,
199,3,8,ed,6,NonSTEMother,11,1,8,10,other non-STEM,2,10,1,0,other,"207,684",11,1,1,0,"150,291",Bachelors,"50,798",non-STEM Degree,"127,051",,
200,3,8,ed,6,NonSTEMother,11,1,8,10,other non-STEM,2,10,1,0,other,"207,684",11,1,1,0,"150,291",Bachelors,"50,798",non-STEM Degree,"127,051",,
201,3,8,ed,6,NonSTEMother,11,1,8,10,other non-STEM,2,10,1,0,other,"207,684",11,1,1,0,"150,291",Bachelors,"50,798",non-STEM Degree,"127,051",,
202,3,8,ed,6,NonSTEMother,11,1,8,10,other non-STEM,2,10,1,0,other,"207,684",11,1,1,0,"150,291",Bachelors,"50,798",non-STEM Degree,"127,051",,
203,3,9,otherSTEM,8,NonSTEMother,11,1,8,10,other non-STEM,2,10,1,0,other,"207,684",11,1,1,0,"150,291",Bachelors,"50,798",non-STEM Degree,"127,051",,
204,3,9,otherSTEM,8,NonSTEMother,11,1,8,10,other non-STEM,2,10,1,0,other,"207,684",11,1,1,0,"150,291",Bachelors,"50,798",non-STEM Degree,"127,051",,
205,3,9,otherSTEM,8,NonSTEMother,11,1,8,10,other non-STEM,2,10,1,0,other,"207,684",11,1,1,0,"150,291",Bachelors,"50,798",non-STEM Degree,"127,051",,
206,3,9,otherSTEM,8,NonSTEMother,11,1,8,10,other non-STEM,2,10,1,0,other,"207,684",11,1,1,0,"150,291",Bachelors,"50,798",non-STEM Degree,"127,051",,
207,3,9,otherSTEM,8,NonSTEMother,11,1,8,10,other non-STEM,4,8,1,0,other,"207,684",11,1,1,0,"150,291",Bachelors,"50,798",non-STEM Degree,"127,051",,
208,3,9,otherSTEM,8,NonSTEMother,11,1,8,10,other non-STEM,4,8,1,0,other,"207,684",11,1,1,0,"150,291",Bachelors,"50,798",non-STEM Degree,"127,051",,
209,3,9,otherSTEM,8,NonSTEMother,11,1,8,10,other non-STEM,4,8,1,0,other,"207,684",11,1,1,0,"150,291",Bachelors,"50,798",non-STEM Degree,"127,051",,
210,3,9,otherSTEM,8,NonSTEMother,11,1,8,10,other non-STEM,4,8,1,0,other,"207,684",11,1,1,0,"150,291",Bachelors,"50,798",non-STEM Degree,"127,051",,
211,3,9,otherSTEM,8,NonSTEMother,11,1,8,10,other non-STEM,4,8,1,0,other,"207,684",11,1,1,0,"150,291",Bachelors,"50,798",non-STEM Degree,"127,051",,
212,3,9,otherSTEM,8,NonSTEMother,11,1,8,10,other non-STEM,4,8,1,0,other,"207,684",11,1,1,0,"150,291",Bachelors,"50,798",non-STEM Degree,"127,051",,
213,3,9,otherSTEM,8,NonSTEMother,11,1,8,10,other non-STEM,4,8,1,0,other,"207,684",11,1,1,0,"150,291",Bachelors,"50,798",non-STEM Degree,"127,051",,
214,3,9,otherSTEM,8,NonSTEMother,11,1,8,10,other non-STEM,4,8,1,0,other,"207,684",11,1,1,0,"150,291",Bachelors,"50,798",non-STEM Degree,"127,051",,
215,3,9,otherSTEM,8,NonSTEMother,11,1,8,10,other non-STEM,4,8,1,0,other,"207,684",11,1,1,0,"150,291",Bachelors,"50,798",non-STEM Degree,"127,051",,
216,3,9,otherSTEM,8,NonSTEMother,11,1,8,10,other non-STEM,4,8,1,0,other,"207,684",11,1,1,0,"150,291",Bachelors,"50,798",non-STEM Degree,"127,051",,
217,3,9,otherSTEM,8,NonSTEMother,11,1,8,10,other non-STEM,4,8,1,0,other,"207,684",11,1,1,0,"150,291",Bachelors,"50,798",non-STEM Degree,"127,051",,
218,3,9,otherSTEM,8,NonSTEMother,11,1,8,10,other non-STEM,4,8,1,0,other,"207,684",11,1,1,0,"150,291",Bachelors,"50,798",non-STEM Degree,"127,051",,
219,3,9,otherSTEM,8,NonSTEMother,11,1,8,10,other non-STEM,4,8,1,0,other,"207,684",11,1,1,0,"150,291",Bachelors,"50,798",non-STEM Degree,"127,051",,
220,3,9,otherSTEM,8,NonSTEMother,11,1,8,10,other non-STEM,4,10,1,0,other,"207,684",11,1,1,0,"150,291",Bachelors,"50,798",non-STEM Degree,"127,051",,
221,3,9,otherNonSTEM,8,NonSTEMother,11,1,8,10,other non-STEM,4,10,1,0,other,"207,684",11,1,1,0,"150,291",Bachelors,"50,798",non-STEM Degree,"127,051",,
222,3,9,otherNonSTEM,8,NonSTEMother,11,1,8,10,other non-STEM,4,10,1,0,other,"207,684",11,1,1,0,"150,291",Bachelors,"50,798",non-STEM Degree,"127,051",,
223,3,9,otherNonSTEM,8,NonSTEMother,11,1,8,10,other non-STEM,4,10,1,0,other,"207,684",11,1,1,0,"150,291",Bachelors,"50,798",non-STEM Degree,"127,051",,
224,3,9,otherNonSTEM,8,NonSTEMother,11,1,8,10,other non-STEM,4,10,1,0,other,"207,684",11,1,1,0,"150,291",Bachelors,"50,798",non-STEM Degree,"127,051",,
225,3,9,otherNonSTEM,8,NonSTEMother,11,1,8,10,other non-STEM,4,10,1,0,other,"207,684",11,1,1,0,"150,291",Bachelors,"50,798",non-STEM Degree,"127,051",,
226,3,9,otherNonSTEM,8,NonSTEMother,11,1,8,10,other non-STEM,4,10,1,0,other,"207,684",11,1,1,0,"150,291",Bachelors,"50,798",non-STEM Degree,"127,051",,
227,3,9,otherNonSTEM,10,STEMother,11,2,8,5,other non-STEM,4,10,1,0,other,"207,684",11,1,1,0,"150,291",Bachelors,"50,798",STEM Degree,"143,278",,
228,3,9,otherNonSTEM,10,STEMother,11,2,8,5,other non-STEM,4,10,1,0,other,"207,684",11,1,1,0,"150,291",Bachelors,"50,798",STEM Degree,"143,278",,
229,3,9,otherNonSTEM,10,STEMother,11,2,8,5,other non-STEM,4,10,1,0,other,"207,684",11,1,1,0,"150,291",Bachelors,"50,798",STEM Degree,"143,278",,
230,3,9,otherNonSTEM,10,STEMother,11,2,8,5,other non-STEM,4,10,1,0,other,"207,684",11,1,1,0,"150,291",Bachelors,"50,798",STEM Degree,"143,278",,
231,3,9,otherNonSTEM,10,STEMother,11,2,8,5,other non-STEM,4,10,1,0,other,"207,684",11,1,1,0,"150,291",Bachelors,"50,798",STEM Degree,"143,278",,
232,3,9,otherNonSTEM,10,STEMother,11,2,8,5,other non-STEM,4,10,1,0,other,"207,684",11,1,1,0,"150,291",Bachelors,"50,798",STEM Degree,"143,278",,
233,3,9,otherNonSTEM,10,STEMother,11,2,8,5,other non-STEM,4,10,1,0,other,"207,684",11,1,1,0,"150,291",Bachelors,"50,798",STEM Degree,"143,278",,
234,3,9,otherNonSTEM,10,STEMother,11,2,8,5,other non-STEM,4,10,1,0,other,"207,684",11,1,1,0,"150,291",Bachelors,"50,798",STEM Degree,"143,278",,
235,3,9,otherNonSTEM,10,STEMother,11,2,8,5,other non-STEM,4,10,1,0,other,"207,684",11,1,1,0,"150,291",Bachelors,"50,798",STEM Degree,"143,278",,
236,3,9,otherNonSTEM,10,STEMother,11,2,8,5,other non-STEM,4,10,1,0,other,"207,684",11,1,1,0,"150,291",Bachelors,"50,798",STEM Degree,"143,278",,
237,3,9,otherNonSTEM,10,STEMother,11,2,8,5,other non-STEM,4,10,1,0,other,"207,684",11,1,1,0,"150,291",Bachelors,"50,798",STEM Degree,"143,278",,
238,3,9,otherNonSTEM,10,STEMother,11,2,8,5,other non-STEM,4,10,1,0,other,"207,684",11,1,1,0,"150,291",Bachelors,"50,798",STEM Degree,"143,278",,
239,3,9,otherNonSTEM,10,STEMother,11,2,8,5,other non-STEM,4,10,1,0,other,"207,684",11,1,1,0,"150,291",Bachelors,"50,798",STEM Degree,"143,278",,
240,3,9,otherNonSTEM,10,STEMother,11,2,8,5,other non-STEM,4,10,1,0,other,"207,684",11,1,1,0,"150,291",Bachelors,"50,798",STEM Degree,"143,278",,
241,3,9,otherNonSTEM,10,STEMother,11,2,8,5,other non-STEM,4,10,1,0,other,"207,684",11,1,1,0,"150,291",Bachelors,"50,798",STEM Degree,"143,278",,
242,3,9,otherNonSTEM,10,STEMother,11,2,9,5,Physical Science,4,10,1,0,other,"207,684",11,1,1,0,"150,291",Bachelors,"11,799",STEM Degree,"143,278",,
243,3,9,otherNonSTEM,10,STEMother,11,2,9,5,Physical Science,4,10,1,0,other,"207,684",11,1,1,0,"150,291",Bachelors,"11,799",STEM Degree,"143,278",,
244,3,9,otherNonSTEM,9,computer,11,2,9,5,Physical Science,4,10,1,0,other,"207,684",11,1,1,0,"150,291",Bachelors,"11,799",STEM Degree,"143,278",,
245,3,9,otherNonSTEM,9,computer,11,2,9,5,Physical Science,4,10,1,0,other,"207,684",11,1,1,0,"150,291",Bachelors,"11,799",STEM Degree,"143,278",,
246,3,9,otherNonSTEM,9,computer,11,2,9,5,Physical Science,4,10,1,0,other,"207,684",11,1,1,0,"150,291",Bachelors,"11,799",STEM Degree,"143,278",,
247,3,9,otherNonSTEM,9,computer,11,2,9,5,Physical Science,4,10,1,0,other,"207,684",11,1,1,0,"150,291",Bachelors,"11,799",STEM Degree,"143,278",,
248,3,9,otherNonSTEM,9,computer,11,2,9,5,Physical Science,4,10,1,0,other,"207,684",11,1,1,0,"150,291",Bachelors,"11,799",STEM Degree,"143,278",,
249,3,9,otherNonSTEM,9,computer,11,2,9,5,Physical Science,4,10,1,0,other,"207,684",11,1,1,0,"150,291",Bachelors,"11,799",STEM Degree,"143,278",,
250,3,9,otherNonSTEM,9,computer,11,2,9,5,Physical Science,4,10,1,0,other,"207,684",11,1,1,0,"150,291",Bachelors,"11,799",STEM Degree,"143,278",,
251,3,9,otherNonSTEM,9,computer,11,2,9,5,Physical Science,4,10,1,0,other,"207,684",11,1,1,0,"150,291",Bachelors,"11,799",STEM Degree,"143,278",,
252,3,9,otherNonSTEM,9,computer,11,2,9,5,Physical Science,4,10,1,0,other,"207,684",11,1,1,0,"150,291",Bachelors,"11,799",STEM Degree,"143,278",,
253,3,9,otherNonSTEM,9,computer,11,2,9,5,Physical Science,4,10,1,0,other,"207,684",11,1,1,0,"150,291",Bachelors,"11,799",STEM Degree,"143,278",,
254,3,9,otherNonSTEM,9,computer,11,2,10,6,other STEM,4,10,1,0,other,"207,684",11,1,1,0,"150,291",Bachelors,"17,627",STEM Degree,"143,278",,
255,3,9,otherNonSTEM,9,computer,11,2,10,6,other STEM,4,10,1,0,other,"207,684",11,1,1,0,"150,291",Bachelors,"17,627",STEM Degree,"143,278",,
256,3,9,otherNonSTEM,9,computer,11,2,10,6,other STEM,4,10,1,0,other,"207,684",11,1,1,0,"150,291",Bachelors,"17,627",STEM Degree,"143,278",,
257,3,9,otherNonSTEM,9,computer,11,2,10,6,other STEM,4,10,1,0,other,"207,684",11,1,1,0,"150,291",Bachelors,"17,627",STEM Degree,"143,278",,
258,3,9,otherNonSTEM,9,computer,11,2,10,6,other STEM,4,10,1,0,other,"207,684",11,1,1,0,"150,291",Bachelors,"17,627",STEM Degree,"143,278",,
259,3,9,otherNonSTEM,9,computer,11,2,10,6,other STEM,4,10,1,0,other,"207,684",11,1,1,0,"150,291",Bachelors,"17,627",STEM Degree,"143,278",,
260,3,9,otherNonSTEM,9,computer,11,2,10,6,other STEM,4,10,1,0,other,"207,684",11,1,1,0,"150,291",Bachelors,"17,627",STEM Degree,"143,278",,
261,3,9,otherNonSTEM,9,computer,11,2,10,6,other STEM,4,10,1,0,other,"207,684",11,1,1,0,"150,291",Bachelors,"17,627",STEM Degree,"143,278",,
262,3,9,otherNonSTEM,9,computer,11,2,10,6,other STEM,4,10,1,0,other,"207,684",11,1,1,0,"150,291",Bachelors,"17,627",STEM Degree,"143,278",,
263,3,9,otherNonSTEM,9,computer,11,2,10,6,other STEM,4,10,1,0,other,"207,684",11,1,1,0,"150,291",Bachelors,"17,627",STEM Degree,"143,278",,
264,3,9,otherNonSTEM,9,computer,11,2,10,6,other STEM,4,10,1,0,other,"207,684",11,1,1,0,"150,291",Bachelors,"17,627",STEM Degree,"143,278",,
265,3,9,otherNonSTEM,9,computer,11,2,10,6,other STEM,4,10,1,0,other,"207,684",11,1,1,0,"150,291",Bachelors,"17,627",STEM Degree,"143,278",,
266,3,9,otherNonSTEM,9,computer,11,2,10,6,other STEM,4,10,1,0,other,"207,684",11,1,1,0,"150,291",Bachelors,"17,627",STEM Degree,"143,278",,
267,3,9,otherNonSTEM,9,computer,11,2,10,6,other STEM,4,10,1,0,other,"207,684",11,1,1,0,"150,291",Bachelors,"17,627",STEM Degree,"143,278",,
268,3,9,otherNonSTEM,9,computer,11,2,10,6,other STEM,4,10,1,0,other,"207,684",11,1,1,0,"150,291",Bachelors,"17,627",STEM Degree,"143,278",,
269,3,9,otherNonSTEM,9,computer,11,2,10,6,other STEM,4,10,1,0,other,"207,684",11,1,1,0,"150,291",Bachelors,"17,627",STEM Degree,"143,278",,
270,3,9,otherNonSTEM,9,computer,11,2,10,6,other STEM,4,10,1,0,other,"207,684",11,1,1,0,"150,291",Bachelors,"17,627",STEM Degree,"143,278",,
271,2,0,na,0,na,11,0,0,0,na,0,0,1,0,other,"207,684",11,1,1,0,"64,319",Some College,,No College Degree,"236,201",,
272,2,0,na,0,na,11,0,0,0,na,0,0,1,0,other,"207,684",11,1,1,0,"64,319",Some College,,No College Degree,"236,201",,
273,2,0,na,0,na,11,0,0,0,na,0,0,1,0,other,"207,684",11,1,1,0,"64,319",Some College,,No College Degree,"236,201",,
274,2,0,na,0,na,11,0,0,0,na,0,0,1,0,other,"207,684",11,1,1,0,"64,319",Some College,,No College Degree,"236,201",,
275,2,0,na,0,na,11,0,0,0,na,0,0,1,0,other,"207,684",11,1,1,0,"64,319",Some College,,No College Degree,"236,201",,
276,2,0,na,0,na,11,0,0,0,na,0,0,1,0,other,"207,684",11,1,1,0,"64,319",Some College,,No College Degree,"236,201",,
277,2,0,na,0,na,11,0,0,0,na,0,0,1,0,other,"207,684",11,1,1,0,"64,319",Some College,,No College Degree,"236,201",,
278,2,0,na,0,na,11,0,0,0,na,0,0,1,0,other,"207,684",11,1,1,0,"64,319",Some College,,No College Degree,"236,201",,
279,2,0,na,0,na,11,0,0,0,na,0,0,1,0,other,"207,684",11,1,1,0,"64,319",Some College,,No College Degree,"236,201",,
280,2,0,na,0,na,11,0,0,0,na,0,0,1,0,other,"207,684",11,1,1,0,"64,319",Some College,,No College Degree,"236,201",,
281,2,0,na,0,na,11,0,0,0,na,0,0,1,0,other,"207,684",11,1,1,0,"64,319",Some College,,No College Degree,"236,201",,
282,2,0,na,0,na,11,0,0,0,na,0,0,1,0,other,"207,684",11,1,1,0,"64,319",Some College,,No College Degree,"236,201",,
283,2,0,na,0,na,11,0,0,0,na,0,0,1,0,other,"207,684",11,1,1,0,"64,319",Some College,,No College Degree,"236,201",,
284,2,0,na,0,na,11,0,0,0,na,0,0,1,0,other,"207,684",11,1,1,0,"64,319",Some College,,No College Degree,"236,201",,
285,2,0,na,0,na,11,0,0,0,na,0,0,1,0,other,"207,684",11,1,1,0,"64,319",Some College,,No College Degree,"236,201",,
286,2,0,na,0,na,11,0,0,0,na,0,0,1,0,other,"207,684",11,1,1,0,"64,319",Some College,,No College Degree,"236,201",,
287,2,0,na,0,na,11,0,0,0,na,0,0,1,0,other,"207,684",11,1,1,0,"64,319",Some College,,No College Degree,"236,201",,
288,2,0,na,0,na,11,0,0,0,na,0,0,1,0,other,"207,684",11,1,1,0,"64,319",Some College,,No College Degree,"236,201",,
289,2,0,na,0,na,11,0,0,0,na,0,0,1,0,other,"207,684",11,1,1,0,"64,319",Some College,,No College Degree,"236,201",,
290,2,0,na,0,na,11,0,0,0,na,0,0,1,0,other,"207,684",11,1,1,0,"64,319",Some College,,No College Degree,"236,201",,
291,2,0,na,0,na,11,0,0,0,na,0,0,1,0,other,"207,684",11,1,1,0,"64,319",Some College,,No College Degree,"236,201",,
292,2,0,na,0,na,11,0,0,0,na,0,0,1,0,other,"207,684",11,1,1,0,"64,319",Some College,,No College Degree,"236,201",,
293,2,0,na,0,na,11,0,0,0,na,0,0,1,0,other,"207,684",11,1,1,0,"64,319",Some College,,No College Degree,"236,201",,
294,2,0,na,0,na,11,0,0,0,na,0,0,1,0,other,"207,684",11,1,1,0,"64,319",Some College,,No College Degree,"236,201",,
295,2,0,na,0,na,11,0,0,0,na,0,0,1,0,other,"207,684",11,1,1,0,"64,319",Some College,,No College Degree,"236,201",,
296,2,0,na,0,na,11,0,0,0,na,0,0,1,0,other,"207,684",11,1,1,0,"64,319",Some College,,No College Degree,"236,201",,
297,2,0,na,0,na,11,0,0,0,na,0,0,1,0,other,"207,684",11,1,1,0,"64,319",Some College,,No College Degree,"236,201",,
298,2,0,na,0,na,11,0,0,0,na,0,0,1,0,other,"207,684",11,1,1,0,"64,319",Some College,,No College Degree,"236,201",,
299,2,0,na,0,na,11,0,0,0,na,0,0,1,0,other,"207,684",11,1,1,0,"64,319",Some College,,No College Degree,"236,201",,
300,2,0,na,0,na,11,0,0,0,na,0,0,1,0,other,"207,684",11,1,1,0,"64,319",Some College,,No College Degree,"236,201",,
301,2,0,na,0,na,11,0,0,0,na,0,0,1,0,other,"207,684",11,1,1,0,"64,319",Some College,,No College Degree,"236,201",,
302,2,0,na,0,na,11,0,0,0,na,0,0,1,0,other,"207,684",11,1,1,0,"64,319",Some College,,No College Degree,"236,201",,
303,2,0,na,0,na,11,0,0,0,na,0,0,1,0,other,"207,684",11,1,1,0,"64,319",Some College,,No College Degree,"236,201",,
304,2,0,na,0,na,11,0,0,0,na,0,0,1,0,other,"207,684",11,1,1,0,"64,319",Some College,,No College Degree,"236,201",,
305,2,0,na,0,na,11,0,0,0,na,0,0,1,0,other,"207,684",11,1,1,0,"64,319",Some College,,No College Degree,"236,201",,
306,2,0,na,0,na,11,0,0,0,na,0,0,1,0,other,"207,684",11,1,1,0,"64,319",Some College,,No College Degree,"236,201",,
307,2,0,na,0,na,11,0,0,0,na,0,0,1,0,other,"207,684",11,1,1,0,"64,319",Some College,,No College Degree,"236,201",,
308,2,0,na,0,na,11,0,0,0,na,0,0,1,0,other,"207,684",11,1,1,0,"64,319",Some College,,No College Degree,"236,201",,
309,2,0,na,0,na,11,0,0,0,na,0,0,1,0,other,"207,684",11,1,1,0,"64,319",Some College,,No College Degree,"236,201",,
310,2,0,na,0,na,11,0,0,0,na,0,0,1,0,other,"207,684",11,1,1,0,"64,319",Some College,,No College Degree,"236,201",,
311,2,0,na,0,na,11,0,0,0,na,0,0,1,0,other,"207,684",11,1,1,0,"64,319",Some College,,No College Degree,"236,201",,
312,2,0,na,0,na,11,0,0,0,na,0,0,1,0,other,"207,684",11,1,1,0,"64,319",Some College,,No College Degree,"236,201",,
313,2,0,na,0,na,11,0,0,0,na,0,0,1,0,other,"207,684",11,1,1,0,"64,319",Some College,,No College Degree,"236,201",,
314,2,0,na,0,na,11,0,0,0,na,0,0,1,0,other,"207,684",11,1,1,0,"64,319",Some College,,No College Degree,"236,201",,
315,2,0,na,0,na,11,0,0,0,na,0,0,1,0,other,"207,684",11,1,1,0,"64,319",Some College,,No College Degree,"236,201",,
316,2,0,na,0,na,11,0,0,0,na,0,0,1,0,other,"207,684",11,1,1,0,"64,319",Some College,,No College Degree,"236,201",,
317,2,0,na,0,na,11,0,0,0,na,0,0,1,0,other,"207,684",11,1,1,0,"64,319",Some College,,No College Degree,"236,201",,
318,2,0,na,0,na,11,0,0,0,na,0,0,1,0,other,"207,684",11,1,1,0,"64,319",Some College,,No College Degree,"236,201",,
319,2,0,na,0,na,11,0,0,0,na,0,0,1,0,other,"207,684",11,1,1,0,"64,319",Some College,,No College Degree,"236,201",,
320,2,0,na,0,na,11,0,0,0,na,0,0,1,0,other,"207,684",11,1,1,0,"64,319",Some College,,No College Degree,"236,201",,
321,2,0,na,0,na,11,0,0,0,na,0,0,1,0,other,"207,684",11,1,1,0,"64,319",Some College,,No College Degree,"236,201",,
322,2,0,na,0,na,11,0,0,0,na,0,0,1,0,other,"207,684",11,1,1,0,"64,319",Some College,,No College Degree,"236,201",,
323,2,0,na,0,na,11,0,0,0,na,0,0,1,0,other,"207,684",11,1,1,0,"64,319",Some College,,No College Degree,"236,201",,
324,2,0,na,0,na,11,0,0,0,na,0,0,1,0,other,"207,684",11,1,1,0,"64,319",Some College,,No College Degree,"236,201",,
325,2,0,na,0,na,11,0,0,0,na,0,0,1,0,other,"207,684",11,1,1,0,"64,319",Some College,,No College Degree,"236,201",,
326,2,0,na,0,na,11,0,0,0,na,0,0,1,0,other,"207,684",11,1,1,0,"64,319",Some College,,No College Degree,"236,201",,
327,2,0,na,0,na,11,0,0,0,na,0,0,1,0,other,"207,684",11,1,1,0,"64,319",Some College,,No College Degree,"236,201",,
328,2,0,na,0,na,11,0,0,0,na,0,0,1,0,other,"207,684",11,1,1,0,"64,319",Some College,,No College Degree,"236,201",,
329,2,0,na,0,na,11,0,0,0,na,0,0,1,0,other,"207,684",11,1,1,0,"64,319",Some College,,No College Degree,"236,201",,
330,2,0,na,0,na,11,0,0,0,na,0,0,1,0,other,"207,684",11,1,1,0,"64,319",Some College,,No College Degree,"236,201",,
331,2,0,na,0,na,11,0,0,0,na,0,0,1,0,other,"207,684",11,1,1,0,"64,319",Some College,,No College Degree,"236,201",,
332,2,0,na,0,na,11,0,0,0,na,0,0,1,0,other,"207,684",11,1,1,0,"64,319",Some College,,No College Degree,"236,201",,
333,2,0,na,0,na,11,0,0,0,na,0,0,1,0,other,"207,684",11,1,1,0,"64,319",Some College,,No College Degree,"236,201",,
334,2,0,na,0,na,11,0,0,0,na,0,0,1,0,other,"207,684",11,1,1,0,"64,319",Some College,,No College Degree,"236,201",,
335,1,0,na,0,na,11,0,0,0,na,0,0,1,0,other,"207,684",11,1,1,0,"81,622",High School,,No College Degree,"236,201",,
336,1,0,na,0,na,11,0,0,0,na,0,0,1,0,other,"207,684",11,1,1,0,"81,622",High School,,No College Degree,"236,201",,
337,1,0,na,0,na,11,0,0,0,na,0,0,1,0,na,,0,1,1,0,"81,622",High School,,No College Degree,"236,201",,
338,1,0,na,0,na,0,0,0,0,na,0,0,0,0,na,,0,0,0,0,"81,622",High School,,No College Degree,"236,201",,
339,1,0,na,0,na,0,0,0,0,na,0,0,0,0,na,,0,0,0,0,"81,622",High School,,No College Degree,"236,201",,
340,1,0,na,0,na,0,0,0,0,na,0,0,0,0,na,,0,0,0,0,"81,622",High School,,No College Degree,"236,201",,
341,1,0,na,0,na,0,0,0,0,na,0,0,0,0,na,,0,0,0,0,"81,622",High School,,No College Degree,"236,201",,
342,1,0,na,0,na,0,0,0,0,na,0,0,0,0,na,,0,0,0,0,"81,622",High School,,No College Degree,"236,201",,
343,1,0,na,0,na,0,0,0,0,na,0,0,0,0,na,,0,0,0,0,"81,622",High School,,No College Degree,"236,201",,
344,1,0,na,0,na,0,0,0,0,na,0,0,0,0,na,,0,0,0,0,"81,622",High School,,No College Degree,"236,201",,
345,1,0,na,0,na,0,0,0,0,na,0,0,0,0,na,,0,0,0,0,"81,622",High School,,No College Degree,"236,201",,
346,1,0,na,0,na,0,0,0,0,na,0,0,0,0,na,,0,0,0,0,"81,622",High School,,No College Degree,"236,201",,
347,1,0,na,0,na,0,0,0,0,na,0,0,0,0,na,,0,0,0,0,"81,622",High School,,No College Degree,"236,201",,
348,1,0,na,0,na,0,0,0,0,na,0,0,0,0,na,,0,0,0,0,"81,622",High School,,No College Degree,"236,201",,
349,1,0,na,0,na,0,0,0,0,na,0,0,0,0,na,,0,0,0,0,"81,622",High School,,No College Degree,"236,201",,
350,1,0,na,0,na,0,0,0,0,na,0,0,0,0,na,,0,0,0,0,"81,622",High School,,No College Degree,"236,201",,
351,1,0,na,0,na,0,0,0,0,na,0,0,0,0,na,,0,0,0,0,"81,622",High School,,No College Degree,"236,201",,
352,1,0,na,0,na,0,0,0,0,na,0,0,0,0,na,,0,0,0,0,"81,622",High School,,No College Degree,"236,201",,
353,1,0,na,0,na,0,0,0,0,na,0,0,0,0,na,,0,0,0,0,"81,622",High School,,No College Degree,"236,201",,
354,1,0,na,0,na,0,0,0,0,na,0,0,0,0,na,,0,0,0,0,"81,622",High School,,No College Degree,"236,201",,
355,1,0,na,0,na,0,0,0,0,na,0,0,0,0,na,,0,0,0,0,"81,622",High School,,No College Degree,"236,201",,
356,1,0,na,0,na,0,0,0,0,na,0,0,0,0,na,,0,0,0,0,"81,622",High School,,No College Degree,"236,201",,
357,1,0,na,0,na,0,0,0,0,na,0,0,0,0,na,,0,0,0,0,"81,622",High School,,No College Degree,"236,201",,
358,1,0,na,0,na,0,0,0,0,na,0,0,0,0,na,,0,0,0,0,"81,622",High School,,No College Degree,"236,201",,
359,1,0,na,0,na,0,0,0,0,na,0,0,0,0,na,,0,0,0,0,"81,622",High School,,No College Degree,"236,201",,
360,1,0,na,0,na,0,0,0,0,na,0,0,0,0,na,,0,0,0,0,"81,622",High School,,No College Degree,"236,201",,
361,1,0,na,0,na,0,0,0,0,na,0,0,0,0,na,,0,0,0,0,"81,622",High School,,No College Degree,"236,201",,
362,1,0,na,0,na,0,0,0,0,na,0,0,0,0,na,,0,0,0,0,"81,622",High School,,No College Degree,"236,201",,
363,1,0,na,0,na,0,0,0,0,na,0,0,0,0,na,,0,0,0,0,"81,622",High School,,No College Degree,"236,201",,
364,1,0,na,0,na,0,0,0,0,na,0,0,0,0,na,,0,0,0,0,"81,622",High School,,No College Degree,"236,201",,
365,1,0,na,0,na,0,0,0,0,na,0,0,0,0,na,,0,0,0,0,"81,622",High School,,No College Degree,"236,201",,
366,1,0,na,0,na,0,0,0,0,na,0,0,0,0,na,,0,0,0,0,"81,622",High School,,No College Degree,"236,201",,
367,1,0,na,0,na,0,0,0,0,na,0,0,0,0,na,,0,0,0,0,"81,622",High School,,No College Degree,"236,201",,
368,1,0,na,0,na,0,0,0,0,na,0,0,0,0,na,,0,0,0,0,"81,622",High School,,No College Degree,"236,201",,
369,1,0,na,0,na,0,0,0,0,na,0,0,0,0,na,,0,0,0,0,"81,622",High School,,No College Degree,"236,201",,
370,1,0,na,0,na,0,0,0,0,na,0,0,0,0,na,,0,0,0,0,"81,622",High School,,No College Degree,"236,201",,
371,1,0,na,0,na,0,0,0,0,na,0,0,0,0,na,,0,0,0,0,"81,622",High School,,No College Degree,"236,201",,
372,1,0,na,0,na,0,0,0,0,na,0,0,0,0,na,,0,0,0,0,"81,622",High School,,No College Degree,"236,201",,
373,1,0,na,0,na,0,0,0,0,na,0,0,0,0,na,,0,0,0,0,"81,622",High School,,No College Degree,"236,201",,
374,1,0,na,0,na,0,0,0,0,na,0,0,0,0,na,,0,0,0,0,"81,622",High School,,No College Degree,"236,201",,
375,1,0,na,0,na,0,0,0,0,na,0,0,0,0,na,,0,0,0,0,"81,622",High School,,No College Degree,"236,201",,
376,1,0,na,0,na,0,0,0,0,na,0,0,0,0,na,,0,0,0,0,"81,622",High School,,No College Degree,"236,201",,
377,1,0,na,0,na,0,0,0,0,na,0,0,0,0,na,,0,0,0,0,"81,622",High School,,No College Degree,"236,201",,
378,1,0,na,0,na,0,0,0,0,na,0,0,0,0,na,,0,0,0,0,"81,622",High School,,No College Degree,"236,201",,
379,1,0,na,0,na,0,0,0,0,na,0,0,0,0,na,,0,0,0,0,"81,622",High School,,No College Degree,"236,201",,
380,1,0,na,0,na,0,0,0,0,na,0,0,0,0,na,,0,0,0,0,"81,622",High School,,No College Degree,"236,201",,
381,1,0,na,0,na,0,0,0,0,na,0,0,0,0,na,,0,0,0,0,"81,622",High School,,No College Degree,"236,201",,
382,1,0,na,0,na,0,0,0,0,na,0,0,0,0,na,,0,0,0,0,"81,622",High School,,No College Degree,"236,201",,
383,1,0,na,0,na,0,0,0,0,na,0,0,0,0,na,,0,0,0,0,"81,622",High School,,No College Degree,"236,201",,
384,1,0,na,0,na,0,0,0,0,na,0,0,0,0,na,,0,0,0,0,"81,622",High School,,No College Degree,"236,201",,
385,1,0,na,0,na,0,0,0,0,na,0,0,0,0,na,,0,0,0,0,"81,622",High School,,No College Degree,"236,201",,
386,1,0,na,0,na,0,0,0,0,na,0,0,0,0,na,,0,0,0,0,"81,622",High School,,No College Degree,"236,201",,
387,1,0,na,0,na,0,0,0,0,na,0,0,0,0,na,,0,0,0,0,"81,622",High School,,No College Degree,"236,201",,
388,1,0,na,0,na,0,0,0,0,na,0,0,0,0,na,,0,0,0,0,"81,622",High School,,No College Degree,"236,201",,
389,1,0,na,0,na,0,0,0,0,na,0,0,0,0,na,,0,0,0,0,"81,622",High School,,No College Degree,"236,201",,
390,1,0,na,0,na,0,0,0,0,na,0,0,0,0,na,,0,0,0,0,"81,622",High School,,No College Degree,"236,201",,
391,1,0,na,0,na,0,0,0,0,na,0,0,0,0,na,,0,0,0,0,"81,622",High School,,No College Degree,"236,201",,
392,1,0,na,0,na,0,0,0,0,na,0,0,0,0,na,,0,0,0,0,"81,622",High School,,No College Degree,"236,201",,
393,1,0,na,0,na,0,0,0,0,na,0,0,0,0,na,,0,0,0,0,"81,622",High School,,No College Degree,"236,201",,
394,1,0,na,0,na,0,0,0,0,na,0,0,0,0,na,,0,0,0,0,"81,622",High School,,No College Degree,"236,201",,
395,1,0,na,0,na,0,0,0,0,na,0,0,0,0,na,,0,0,0,0,"81,622",High School,,No College Degree,"236,201",,
396,1,0,na,0,na,0,0,0,0,na,0,0,0,0,na,,0,0,0,0,"81,622",High School,,No College Degree,"236,201",,
397,1,0,na,0,na,0,0,0,0,na,0,0,0,0,na,,0,0,0,0,"81,622",High School,,No College Degree,"236,201",,
398,1,0,na,0,na,0,0,0,0,na,0,0,0,0,na,,0,0,0,0,"81,622",High School,,No College Degree,"236,201",,
399,1,0,na,0,na,0,0,0,0,na,0,0,0,0,na,,0,0,0,0,"81,622",High School,,No College Degree,"236,201",,
400,1,0,na,0,na,0,0,0,0,na,0,0,0,0,na,,0,0,0,0,"81,622",High School,,No College Degree,"236,201",,
401,1,0,na,0,na,0,0,0,0,na,0,0,0,0,na,,0,0,0,0,"81,622",High School,,No College Degree,"236,201",,
402,1,0,na,0,na,0,0,0,0,na,0,0,0,0,na,,0,0,0,0,"81,622",High School,,No College Degree,"236,201",,
403,1,0,na,0,na,0,0,0,0,na,0,0,0,0,na,,0,0,0,0,"81,622",High School,,No College Degree,"236,201",,
404,1,0,na,0,na,0,0,0,0,na,0,0,0,0,na,,0,0,0,0,"81,622",High School,,No College Degree,"236,201",,
405,1,0,na,0,na,0,0,0,0,na,0,0,0,0,na,,0,0,0,0,"81,622",High School,,No College Degree,"236,201",,
406,1,0,na,0,na,0,0,0,0,na,0,0,0,0,na,,0,0,0,0,"81,622",High School,,No College Degree,"236,201",,
407,1,0,na,0,na,0,0,0,0,na,0,0,0,0,na,,0,0,0,0,"81,622",High School,,No College Degree,"236,201",,
408,1,0,na,0,na,0,0,0,0,na,0,0,0,0,na,,0,0,0,0,"81,622",High School,,No College Degree,"236,201",,
409,1,0,na,0,na,0,0,0,0,na,0,0,0,0,na,,0,0,0,0,"81,622",High School,,No College Degree,"236,201",,
410,1,0,na,0,na,0,0,0,0,na,0,0,0,0,na,,0,0,0,0,"81,622",High School,,No College Degree,"236,201",,
411,1,0,na,0,na,0,0,0,0,na,0,0,0,0,na,,0,0,0,0,"81,622",High School,,No College Degree,"236,201",,
412,1,0,na,0,na,0,0,0,0,na,0,0,0,0,na,,0,0,0,0,"81,622",High School,,No College Degree,"236,201",,
413,1,0,na,0,na,0,0,0,0,na,0,0,0,0,na,,0,0,0,0,"81,622",High School,,No College Degree,"236,201",,
414,1,0,na,0,na,0,0,0,0,na,0,0,0,0,na,,0,0,0,0,"81,622",High School,,No College Degree,"236,201",,
415,1,0,na,0,na,0,0,0,0,na,0,0,0,0,na,,0,0,0,0,"81,622",High School,,No College Degree,"236,201",,
416,1,0,na,0,na,0,0,0,0,na,0,0,0,0,na,,0,0,0,0,"81,622",High School,,No College Degree,"236,201",,
417,0,0,na,0,na,0,0,0,0,na,0,0,0,0,na,,0,0,0,0,"90,260",Less than High School,,No College Degree,"236,201",,
418,0,0,na,0,na,0,0,0,0,na,0,0,0,0,na,,0,0,0,0,"90,260",Less than High School,,No College Degree,"236,201",,
419,0,0,na,0,na,0,0,0,0,na,0,0,0,0,na,,0,0,0,0,"90,260",Less than High School,,No College Degree,"236,201",,
420,0,0,na,0,na,0,0,0,0,na,0,0,0,0,na,,0,0,0,0,"90,260",Less than High School,,No College Degree,"236,201",,
421,0,0,na,0,na,0,0,0,0,na,0,0,0,0,na,,0,0,0,0,"90,260",Less than High School,,No College Degree,"236,201",,
422,0,0,na,0,na,0,0,0,0,na,0,0,0,0,na,,0,0,0,0,"90,260",Less than High School,,No College Degree,"236,201",,
423,0,0,na,0,na,0,0,0,0,na,0,0,0,0,na,,0,0,0,0,"90,260",Less than High School,,No College Degree,"236,201",,
424,0,0,na,0,na,0,0,0,0,na,0,0,0,0,na,,0,0,0,0,"90,260",Less than High School,,No College Degree,"236,201",,
425,0,0,na,0,na,0,0,0,0,na,0,0,0,0,na,,0,0,0,0,"90,260",Less than High School,,No College Degree,"236,201",,
426,0,0,na,0,na,0,0,0,0,na,0,0,0,0,na,,0,0,0,0,"90,260",Less than High School,,No College Degree,"236,201",,
427,0,0,na,0,na,0,0,0,0,na,0,0,0,0,na,,0,0,0,0,"90,260",Less than High School,,No College Degree,"236,201",,
428,0,0,na,0,na,0,0,0,0,na,0,0,0,0,na,,0,0,0,0,"90,260",Less than High School,,No College Degree,"236,201",,
429,0,0,na,0,na,0,0,0,0,na,0,0,0,0,na,,0,0,0,0,"90,260",Less than High School,,No College Degree,"236,201",,
430,0,0,na,0,na,0,0,0,0,na,0,0,0,0,na,,0,0,0,0,"90,260",Less than High School,,No College Degree,"236,201",,
431,0,0,na,0,na,0,0,0,0,na,0,0,0,0,na,,0,0,0,0,"90,260",Less than High School,,No College Degree,"236,201",,
432,0,0,na,0,na,0,0,0,0,na,0,0,0,0,na,,0,0,0,0,"90,260",Less than High School,,No College Degree,"236,201",,
433,0,0,na,0,na,0,0,0,0,na,0,0,0,0,na,,0,0,0,0,"90,260",Less than High School,,No College Degree,"236,201",,
434,0,0,na,0,na,0,0,0,0,na,0,0,0,0,na,,0,0,0,0,"90,260",Less than High School,,No College Degree,"236,201",,
435,0,0,na,0,na,0,0,0,0,na,0,0,0,0,na,,0,0,0,0,"90,260",Less than High School,,No College Degree,"236,201",,
436,0,0,na,0,na,0,0,0,0,na,0,0,0,0,na,,0,0,0,0,"90,260",Less than High School,,No College Degree,"236,201",,
437,0,0,na,0,na,0,0,0,0,na,0,0,0,0,na,,0,0,0,0,"90,260",Less than High School,,No College Degree,"236,201",,
438,0,0,na,0,na,0,0,0,0,na,0,0,0,0,na,,0,0,0,0,"90,260",Less than High School,,No College Degree,"236,201",,
439,0,0,na,0,na,0,0,0,0,na,0,0,0,0,na,,0,0,0,0,"90,260",Less than High School,,No College Degree,"236,201",,
440,0,0,na,0,na,0,0,0,0,na,0,0,0,0,na,,0,0,0,0,"90,260",Less than High School,,No College Degree,"236,201",,
441,0,0,na,0,na,0,0,0,0,na,0,0,0,0,na,,0,0,0,0,"90,260",Less than High School,,No College Degree,"236,201",,
442,0,0,na,0,na,0,0,0,0,na,0,0,0,0,na,,0,0,0,0,"90,260",Less than High School,,No College Degree,"236,201",,
443,0,0,na,0,na,0,0,0,0,na,0,0,0,0,na,,0,0,0,0,"90,260",Less than High School,,No College Degree,"236,201",,
444,0,0,na,0,na,0,0,0,0,na,0,0,0,0,na,,0,0,0,0,"90,260",Less than High School,,No College Degree,"236,201",,
445,0,0,na,0,na,0,0,0,0,na,0,0,0,0,na,,0,0,0,0,"90,260",Less than High School,,No College Degree,"236,201",,
446,0,0,na,0,na,0,0,0,0,na,0,0,0,0,na,,0,0,0,0,"90,260",Less than High School,,No College Degree,"236,201",,
447,0,0,na,0,na,0,0,0,0,na,0,0,0,0,na,,0,0,0,0,"90,260",Less than High School,,No College Degree,"236,201",,
448,0,0,na,0,na,0,0,0,0,na,0,0,0,0,na,,0,0,0,0,"90,260",Less than High School,,No College Degree,"236,201",,
449,0,0,na,0,na,0,0,0,0,na,0,0,0,0,na,,0,0,0,0,"90,260",Less than High School,,No College Degree,"236,201",,
450,0,0,na,0,na,0,0,0,0,na,0,0,0,0,na,,0,0,0,0,"90,260",Less than High School,,No College Degree,"236,201",,
451,0,0,na,0,na,0,0,0,0,na,0,0,0,0,na,,0,0,0,0,"90,260",Less than High School,,No College Degree,"236,201",,
452,0,0,na,0,na,0,0,0,0,na,0,0,0,0,na,,0,0,0,0,"90,260",Less than High School,,No College Degree,"236,201",,
453,0,0,na,0,na,0,0,0,0,na,0,0,0,0,na,,0,0,0,0,"90,260",Less than High School,,No College Degree,"236,201",,
454,0,0,na,0,na,0,0,0,0,na,0,0,0,0,na,,0,0,0,0,"90,260",Less than High School,,No College Degree,"236,201",,
455,0,0,na,0,na,0,0,0,0,na,0,0,0,0,na,,0,0,0,0,"90,260",Less than High School,,No College Degree,"236,201",,
456,0,0,na,0,na,0,0,0,0,na,0,0,0,0,na,,0,0,0,0,"90,260",Less than High School,,No College Degree,"236,201",,
457,0,0,na,0,na,0,0,0,0,na,0,0,0,0,na,,0,0,0,0,"90,260",Less than High School,,No College Degree,"236,201",,
458,0,0,na,0,na,0,0,0,0,na,0,0,0,0,na,,0,0,0,0,"90,260",Less than High School,,No College Degree,"236,201",,
459,0,0,na,0,na,0,0,0,0,na,0,0,0,0,na,,0,0,0,0,"90,260",Less than High School,,No College Degree,"236,201",,
460,0,0,na,0,na,0,0,0,0,na,0,0,0,0,na,,0,0,0,0,"90,260",Less than High School,,No College Degree,"236,201",,
461,0,0,na,0,na,0,0,0,0,na,0,0,0,0,na,,0,0,0,0,"90,260",Less than High School,,No College Degree,"236,201",,
462,0,0,na,0,na,0,0,0,0,na,0,0,0,0,na,,0,0,0,0,"90,260",Less than High School,,No College Degree,"236,201",,
463,0,0,na,0,na,0,0,0,0,na,0,0,0,0,na,,0,0,0,0,"90,260",Less than High School,,No College Degree,"236,201",,
464,0,0,na,0,na,0,0,0,0,na,0,0,0,0,na,,0,0,0,0,"90,260",Less than High School,,No College Degree,"236,201",,
465,0,0,na,0,na,0,0,0,0,na,0,0,0,0,na,,0,0,0,0,"90,260",Less than High School,,No College Degree,"236,201",,
466,0,0,na,0,na,0,0,0,0,na,0,0,0,0,na,,0,0,0,0,"90,260",Less than High School,,No College Degree,"236,201",,
467,0,0,na,0,na,0,0,0,0,na,0,0,0,0,na,,0,0,0,0,"90,260",Less than High School,,No College Degree,"236,201",,
468,0,0,na,0,na,0,0,0,0,na,0,0,0,0,na,,0,0,0,0,"90,260",Less than High School,,No College Degree,"236,201",,
469,0,0,na,0,na,0,0,0,0,na,0,0,0,0,na,,0,0,0,0,"90,260",Less than High School,,No College Degree,"236,201",,
470,0,0,na,0,na,0,0,0,0,na,0,0,0,0,na,,0,0,0,0,"90,260",Less than High School,,No College Degree,"236,201",,
471,0,0,na,0,na,0,0,0,0,na,0,0,0,0,na,,0,0,0,0,"90,260",Less than High School,,No College Degree,"236,201",,
472,0,0,na,0,na,0,0,0,0,na,0,0,0,0,na,,0,0,0,0,"90,260",Less than High School,,No College Degree,"236,201",,
473,0,0,na,0,na,0,0,0,0,na,0,0,0,0,na,,0,0,0,0,"90,260",Less than High School,,No College Degree,"236,201",,
474,0,0,na,0,na,0,0,0,0,na,0,0,0,0,na,,0,0,0,0,"90,260",Less than High School,,No College Degree,"236,201",,
475,0,0,na,0,na,0,0,0,0,na,0,0,0,0,na,,0,0,0,0,"90,260",Less than High School,,No College Degree,"236,201",,
476,0,0,na,0,na,0,0,0,0,na,0,0,0,0,na,,0,0,0,0,"90,260",Less than High School,,No College Degree,"236,201",,
477,0,0,na,0,na,0,0,0,0,na,0,0,0,0,na,,0,0,0,0,"90,260",Less than High School,,No College Degree,"236,201",,
478,0,0,na,0,na,0,0,0,0,na,0,0,0,0,na,,0,0,0,0,"90,260",Less than High School,,No College Degree,"236,201",,
479,0,0,na,0,na,0,0,0,0,na,0,0,0,0,na,,0,0,0,0,"90,260",Less than High School,,No College Degree,"236,201",,
480,0,0,na,0,na,0,0,0,0,na,0,0,0,0,na,,0,0,0,0,"90,260",Less than High School,,No College Degree,"236,201",,
481,0,0,na,0,na,0,0,0,0,na,0,0,0,0,na,,0,0,0,0,"90,260",Less than High School,,No College Degree,"236,201",,
482,0,0,na,0,na,0,0,0,0,na,0,0,0,0,na,,0,0,0,0,"90,260",Less than High School,,No College Degree,"236,201",,
483,0,0,na,0,na,0,0,0,0,na,0,0,0,0,na,,0,0,0,0,"90,260",Less than High School,,No College Degree,"236,201",,
484,0,0,na,0,na,0,0,0,0,na,0,0,0,0,na,,0,0,0,0,"90,260",Less than High School,,No College Degree,"236,201",,
485,0,0,na,0,na,0,0,0,0,na,0,0,0,0,na,,0,0,0,0,"90,260",Less than High School,,No College Degree,"236,201",,
486,0,0,na,0,na,0,0,0,0,na,0,0,0,0,na,,0,0,0,0,"90,260",Less than High School,,No College Degree,"236,201",,
487,0,0,na,0,na,0,0,0,0,na,0,0,0,0,na,,0,0,0,0,"90,260",Less than High School,,No College Degree,"236,201",,
488,0,0,na,0,na,0,0,0,0,na,0,0,0,0,na,,0,0,0,0,"90,260",Less than High School,,No College Degree,"236,201",,
489,0,0,na,0,na,0,0,0,0,na,0,0,0,0,na,,0,0,0,0,"90,260",Less than High School,,No College Degree,"236,201",,
490,0,0,na,0,na,0,0,0,0,na,0,0,0,0,na,,0,0,0,0,"90,260",Less than High School,,No College Degree,"236,201",,
491,0,0,na,0,na,0,0,0,0,na,0,0,0,0,na,,0,0,0,0,"90,260",Less than High School,,No College Degree,"236,201",,
492,0,0,na,0,na,0,0,0,0,na,0,0,0,0,na,,0,0,0,0,"90,260",Less than High School,,No College Degree,"236,201",,
493,0,0,na,0,na,0,0,0,0,na,0,0,0,0,na,,0,0,0,0,"90,260",Less than High School,,No College Degree,"236,201",,
494,0,0,na,0,na,0,0,0,0,na,0,0,0,0,na,,0,0,0,0,"90,260",Less than High School,,No College Degree,"236,201",,
495,0,0,na,0,na,0,0,0,0,na,0,0,0,0,na,,0,0,0,0,"90,260",Less than High School,,No College Degree,"236,201",,
496,0,0,na,0,na,0,0,0,0,na,0,0,0,0,na,,0,0,0,0,"90,260",Less than High School,,No College Degree,"236,201",,
497,0,0,na,0,na,0,0,0,0,na,0,0,0,0,na,,0,0,0,0,"90,260",Less than High School,,No College Degree,"236,201",,
498,0,0,na,0,na,0,0,0,0,na,0,0,0,0,na,,0,0,0,0,"90,260",Less than High School,,No College Degree,"236,201",,
499,0,0,na,0,na,0,0,0,0,na,0,0,0,0,na,,0,0,0,0,"90,260",Less than High School,,No College Degree,"236,201",,
500,0,0,na,0,na,0,0,0,0,na,0,0,0,0,na,,0,0,0,0,"90,260",Less than High School,,No College Degree,"236,201",,
501,0,0,na,0,na,0,0,0,0,na,0,0,0,0,na,,0,0,0,0,"90,260",Less than High School,,No College Degree,"236,201",,
502,0,0,na,0,na,0,0,0,0,na,0,0,0,0,na,,0,0,0,0,"90,260",Less than High School,,No College Degree,"236,201",,
503,0,0,na,0,na,0,0,0,0,na,0,0,0,0,na,,0,0,0,0,"90,260",Less than High School,,No College Degree,"236,201",,
504,0,0,na,0,na,0,0,0,0,na,0,0,0,0,na,,0,0,0,0,"90,260",Less than High School,,No College Degree,"236,201",,
505,0,0,na,0,na,0,0,0,0,na,0,0,0,0,na,,0,0,0,0,"90,260",Less than High School,,No College Degree,"236,201",,
506,0,0,na,0,na,0,0,0,0,na,0,0,0,0,na,,0,0,0,0,"90,260",Less than High School,,No College Degree,"236,201",,
507,0,0,na,0,na,0,0,0,0,na,0,0,0,0,na,,0,0,0,0,"90,260",Less than High School,,No College Degree,"236,201",,